id_text,source,target,Type,ancient_author
P334887,Nabu-hamatua,Kuškaya,undirected,Kuškaya
P334887,Nabu-hamatua,Aššur-šarru-uṣur,undirected,Kuškaya
P334887,Kuškaya,Aššur-šarru-uṣur,undirected,Kuškaya
P334150,Nabu-uṣalla,Mar-Issar,undirected,Nabu-uṣalla
P334674,Šulmu-beli-lašme,Mannu-ki-ahhe,undirected,Šulmu-beli-lašme
P313619,Dinanu,Išme-ilu,undirected,Dinanu
P334187,Aššur-dur-paniya,Yataʾ,undirected,Aššur-dur-paniya
P334187,Aššur-dur-paniya,Abi-yaqa,undirected,Aššur-dur-paniya
P334187,Aššur-dur-paniya,Hu-Teššub,undirected,Aššur-dur-paniya
P334187,Aššur-dur-paniya,Aššur-bessunu,undirected,Aššur-dur-paniya
P334187,Yataʾ,Abi-yaqa,undirected,Aššur-dur-paniya
P334187,Yataʾ,Hu-Teššub,undirected,Aššur-dur-paniya
P334187,Yataʾ,Aššur-bessunu,undirected,Aššur-dur-paniya
P334187,Abi-yaqa,Hu-Teššub,undirected,Aššur-dur-paniya
P334187,Abi-yaqa,Aššur-bessunu,undirected,Aššur-dur-paniya
P334187,Hu-Teššub,Aššur-bessunu,undirected,Aššur-dur-paniya
P334831,Nabu-zeru-iddina,Ša-ili-dubbu,undirected,
P334831,Ša-ili-dubbu,Nabu-zeru-iddina,undirected,
P313462,Taklak-ana-Bel,Išmanni-Aššur,undirected,
P313462,Taklak-ana-Bel,Nergal-eṭir,undirected,
P313462,Išmanni-Aššur,Nergal-eṭir,undirected,
P313422,Gabbu-ana-Aššur,Melarṭua,undirected,Gabbu-ana-Aššur
P313422,Gabbu-ana-Aššur,Abaliuqunu,undirected,Gabbu-ana-Aššur
P313422,Melarṭua,Abaliuqunu,undirected,Gabbu-ana-Aššur
P334607,Nabu-ahu-uṣur,Iršumu,undirected,Nabu-ahu-uṣur
P334607,Nabu-ahu-uṣur,Šarru-emuranni,undirected,Nabu-ahu-uṣur
P334607,Nabu-ahu-uṣur,Nabu-hamatua,undirected,Nabu-ahu-uṣur
P334607,Iršumu,Šarru-emuranni,undirected,Nabu-ahu-uṣur
P334607,Iršumu,Nabu-hamatua,undirected,Nabu-ahu-uṣur
P334607,Šarru-emuranni,Nabu-hamatua,undirected,Nabu-ahu-uṣur
P334189,Nabu-ušabši,Igli,undirected,"Nabu-ušabši, Igli"
P334398,Gabbu-ana-Aššur,Abile,undirected,Gabbu-ana-Aššur
P334529,Aššur-dur-paniya,Abu-ul-idi,undirected,Aššur-dur-paniya
P334705,Aššur-leʾi,Nabu-hamatua,undirected,Adad-issiya
P334705,Aššur-leʾi,Ullusunu,undirected,Adad-issiya
P334705,Aššur-leʾi,Bel-ahhe,undirected,Adad-issiya
P334705,Nabu-hamatua,Aššur-leʾi,undirected,Adad-issiya
P334705,Nabu-hamatua,Ullusunu,undirected,Adad-issiya
P334705,Nabu-hamatua,Bel-ahhe,undirected,Adad-issiya
P334705,Ullusunu,Aššur-leʾi,undirected,Adad-issiya
P334705,Ullusunu,Nabu-hamatua,undirected,Adad-issiya
P334705,Ullusunu,Bel-ahhe,undirected,Adad-issiya
P334447,Ša-Aššur-dubbu,Melarṭua,undirected,Aššur-reṣuwa
P313840,Urzana,Rusa,undirected,
P313542,Ariye,Ariaza,undirected,"Ariye, Ariṣa"
P336169,Šarru-emuranni,Marduk-remanni,undirected,Šarru-emuranni
P336169,Šarru-emuranni,Iqiša-Marduk,undirected,Šarru-emuranni
P336169,Marduk-remanni,Iqiša-Marduk,undirected,Šarru-emuranni
P336169,Marduk-remanni,Šarru-emuranni,undirected,Šarru-emuranni
P336169,Iqiša-Marduk,Šarru-emuranni,undirected,Šarru-emuranni
P334892,Gabbu-ana-Aššur,Tuʾayu,undirected,Gabbu-ana-Aššur
P334664,Aššur-alik-pani,Nergal-šarrani,undirected,Aššur-alik-pani
P334179,Aššur-belu-udaʾʾan,Kakkullanu,undirected,Aššur-belu-udaʾʾan
P313457,Aššur-reṣuwa,Adad-aplu-iddina,undirected,Aššur-reṣuwa
P313457,Aššur-reṣuwa,Ariye,undirected,Aššur-reṣuwa
P313457,Adad-aplu-iddina,Ariye,undirected,Aššur-reṣuwa
P334555,Aššur-alik-pani,Pihame,undirected,Aššur-alik-pani
P334555,Aššur-alik-pani,Adad-ibni,undirected,Aššur-alik-pani
P334555,Aššur-alik-pani,Tarditu-Aššur,undirected,Aššur-alik-pani
P334555,Pihame,Adad-ibni,undirected,Aššur-alik-pani
P334555,Pihame,Tarditu-Aššur,undirected,Aššur-alik-pani
P334555,Adad-ibni,Tarditu-Aššur,undirected,Aššur-alik-pani
P313822,Urmakinnu,Atta-idri,undirected,
P313822,Urmakinnu,Bel-qatua,undirected,
P313822,Atta-idri,Bel-qatua,undirected,
P313450,Gabbu-ana-Aššur,Aššur-reṣuwa,undirected,Gabbu-ana-Aššur
P334199,Šarru-emuranni,Bel-iddina,undirected,Šarru-emuranni
P334199,Šarru-emuranni,Nabu-hamatua,undirected,Šarru-emuranni
P334199,Bel-iddina,Nabu-hamatua,undirected,Šarru-emuranni
P313547,Ašipa,Ubru-Palil,undirected,unassigned vassal king
P334137,Naʾdi-ilu,Nabu-remanni,undirected,Naʾdi-ilu
P334152,Nabu-hamatua,Bel-iddina,undirected,Nabu-hamatua
P334205,Šarru-emuranni,Dada,undirected,Šarru-emuranni
P334888,Nabu-hamatua,Kuškaya,undirected,Kuškaya
P313607,Ada,Lullupaya,undirected,Šulmu-beli
P313607,Ada,Ammi-raʾi,undirected,Šulmu-beli
P313607,Lullupaya,Ammi-raʾi,undirected,Šulmu-beli
P313883,Aššur-alik-pani,Nergal-šarrani,undirected,Aššur-alik-pani
P334337,Ariye,Ariaza,undirected,
P334337,Ariye,Aššur-reṣuwa,undirected,
P334337,Ariaza,Aššur-reṣuwa,undirected,
P334186,Aššur-dur-paniya,Il-dala,undirected,Aššur-dur-paniya
P313471,Šarru-emuranni,Nabu-ahu-uṣur,undirected,Šarru-emuranni
P313471,Šarru-emuranni,Inṣabri,undirected,Šarru-emuranni
P313471,Šarru-emuranni,Šamaš-ukin,undirected,Šarru-emuranni
P313471,Nabu-ahu-uṣur,Inṣabri,undirected,Šarru-emuranni
P313471,Nabu-ahu-uṣur,Šamaš-ukin,undirected,Šarru-emuranni
P313471,Inṣabri,Nabu-ahu-uṣur,undirected,Šarru-emuranni
P313471,Inṣabri,Šamaš-ukin,undirected,Šarru-emuranni
P313473,Aššur-patinu,Ilu-illika,undirected,Aššur-patinu
P313587,Rusa,Ariye,undirected,Aššur-reṣuwa
P313587,Rusa,Ariaza,undirected,Aššur-reṣuwa
P313587,Ariye,Ariaza,undirected,Aššur-reṣuwa
P334361,Adad-isseʾa,Šari,undirected,Adad-issiya
P334361,Adad-isseʾa,Nabu-eriba,undirected,Adad-issiya
P334361,Adad-isseʾa,Sani,undirected,Adad-issiya
P334361,Šari,Nabu-eriba,undirected,Adad-issiya
P334361,Šari,Sani,undirected,Adad-issiya
P334361,Nabu-eriba,Sani,undirected,Adad-issiya
P397189,Nashir-Bel,Seʾ-gabbari,undirected,Nashir-Bel
P224392,Mahde,Nabuʾa,undirected,Mahde
P334257,Aššur-reṣuwa,Abaliuqunu,undirected,Aššur-reṣuwa
P334257,Aššur-reṣuwa,Ṭunbaun,undirected,Aššur-reṣuwa
P334257,Abaliuqunu,Ṭunbaun,undirected,Aššur-reṣuwa
P313451,Sin-ahhe-eriba,Tuʾaya,undirected,Sin-ahhe-eriba
P334222,Adad-isseʾa,Kubaba-ilaʾi,undirected,Adad-issiya
P334222,Adad-isseʾa,Nergal-belu-uṣur,undirected,Adad-issiya
P334222,Kubaba-ilaʾi,Nergal-belu-uṣur,undirected,Adad-issiya
P334339,Aššur-reṣuwa,Kaqqadanu,undirected,Aššur-reṣuwa
P313812,Gabbu-ana-Aššur,Naʾdi-ilu,undirected,
P313812,Gabbu-ana-Aššur,Musani,undirected,
P313812,Naʾdi-ilu,Musani,undirected,
P337151,Aššur-zeru-ibni,Nergal-eṭir,undirected,Aššur-zeru-ibni
P334282,Abat-šarri-uṣur,Nabu-ereš,undirected,Abat-šarri-uṣur
P313480,Nashir-Bel,Aššur-remanni,undirected,Nashir-Bel
P313480,Nashir-Bel,Ašipa,undirected,Nashir-Bel
P313480,Aššur-remanni,Ašipa,undirected,Nashir-Bel
P334786,Aššur-reṣuwa,Kaqqadanu,undirected,Aššur-reṣuwa
P334786,Aššur-reṣuwa,Urzana,undirected,Aššur-reṣuwa
P334786,Aššur-reṣuwa,Ariaza,undirected,Aššur-reṣuwa
P334786,Aššur-reṣuwa,Ariye,undirected,Aššur-reṣuwa
P334786,Kaqqadanu,Urzana,undirected,Aššur-reṣuwa
P334786,Kaqqadanu,Ariaza,undirected,Aššur-reṣuwa
P334786,Kaqqadanu,Ariye,undirected,Aššur-reṣuwa
P334786,Urzana,Ariaza,undirected,Aššur-reṣuwa
P334786,Urzana,Ariye,undirected,Aššur-reṣuwa
P334786,Ariaza,Ariye,undirected,Aššur-reṣuwa
P334305,Upaq-Šamaš,Adad-remanni,undirected,Upaq-Šamaš
P334305,Upaq-Šamaš,Ea-šarru-ibni,undirected,Upaq-Šamaš
P334305,Upaq-Šamaš,Zaba-iqiša,undirected,Upaq-Šamaš
P334305,Upaq-Šamaš,Rusa,undirected,Upaq-Šamaš
P334305,Adad-remanni,Ea-šarru-ibni,undirected,Upaq-Šamaš
P334305,Adad-remanni,Zaba-iqiša,undirected,Upaq-Šamaš
P334305,Adad-remanni,Rusa,undirected,Upaq-Šamaš
P334305,Ea-šarru-ibni,Zaba-iqiša,undirected,Upaq-Šamaš
P334305,Ea-šarru-ibni,Rusa,undirected,Upaq-Šamaš
P334305,Zaba-iqiša,Rusa,undirected,Upaq-Šamaš
P334071,Gabbu-ana-Aššur,Nabu-leʾi,undirected,Gabbu-ana-Aššur
P334071,Gabbu-ana-Aššur,Aššur-belu-udaʾʾan,undirected,Gabbu-ana-Aššur
P334071,Gabbu-ana-Aššur,Aššur-reṣuwa,undirected,Gabbu-ana-Aššur
P334071,Nabu-leʾi,Aššur-belu-udaʾʾan,undirected,Gabbu-ana-Aššur
P334071,Nabu-leʾi,Aššur-reṣuwa,undirected,Gabbu-ana-Aššur
P334071,Aššur-belu-udaʾʾan,Aššur-reṣuwa,undirected,Gabbu-ana-Aššur
P334291,Nashir-Bel,Argisti,undirected,Nashir-Bel
P334321,Nergal-belu-uṣur,Abat-šarri-uṣur,undirected,Dinanu
P334256,Aššur-reṣuwa,Setinu,undirected,Aššur-reṣuwa
P334256,Aššur-reṣuwa,Suna,undirected,Aššur-reṣuwa
P334256,Setinu,Suna,undirected,Aššur-reṣuwa
P334296,Ašipa,Metunu,undirected,Ašipa
P334698,Urzana,Šulmu-beli,undirected,
P334412,Nimarkaya,Abi-ramu,undirected,Šamaš-belu-uṣur
P334412,Nimarkaya,Dala-il,undirected,Šamaš-belu-uṣur
P334412,Abi-ramu,Dala-il,undirected,Šamaš-belu-uṣur
P334688,Ariye,Ariaza,undirected,Ṭab-šar-Aššur
P334688,Ariye,Silim-Aššur,undirected,Ṭab-šar-Aššur
P334688,Ariaza,Silim-Aššur,undirected,Ṭab-šar-Aššur
P313494,Adad-isseʾa,Mannu-ki-Adad,undirected,Adad-issiya
P334200,Šarru-emuranni,Bel-iddina,undirected,Šarru-emuranni
P334782,Šamaš-belu-uṣur,Kiṣir-Aššur,undirected,Šamaš-belu-uṣur
P334308,Aššur-reṣuwa,Setinu,undirected,Aššur-reṣuwa
P334308,Aššur-reṣuwa,Kaqqadanu,undirected,Aššur-reṣuwa
P334308,Aššur-reṣuwa,Sakuata,undirected,Aššur-reṣuwa
P334308,Aššur-reṣuwa,Siplia,undirected,Aššur-reṣuwa
P334308,Aššur-reṣuwa,Ṭuki,undirected,Aššur-reṣuwa
P334308,Setinu,Kaqqadanu,undirected,Aššur-reṣuwa
P334308,Setinu,Sakuata,undirected,Aššur-reṣuwa
P334308,Setinu,Siplia,undirected,Aššur-reṣuwa
P334308,Setinu,Ṭuki,undirected,Aššur-reṣuwa
P334308,Kaqqadanu,Sakuata,undirected,Aššur-reṣuwa
P334308,Kaqqadanu,Siplia,undirected,Aššur-reṣuwa
P334308,Kaqqadanu,Ṭuki,undirected,Aššur-reṣuwa
P334308,Sakuata,Siplia,undirected,Aššur-reṣuwa
P334308,Sakuata,Ṭuki,undirected,Aššur-reṣuwa
P334308,Siplia,Ṭuki,undirected,Aššur-reṣuwa
P313739,Kiṣir-Aššur,Mannu-ki-Arbail,undirected,
P313540,Naʾdi-ilu,Kiṣir-Aššur,undirected,Naʾdi-ilu
P313529,Kaqqadanu,Urzana,undirected,
P313529,Kaqqadanu,Ariaza,undirected,
P313529,Urzana,Ariaza,undirected,
P334405,Saniye,Kaqqadanu,undirected,Aššur-reṣuwa
P334405,Kaqqadanu,Saniye,undirected,Aššur-reṣuwa
P393858,Ša-Aššur-dubbu,Hu-Teššub,undirected,Ša-Aššur-dubbu
P393858,Ša-Aššur-dubbu,Rusa,undirected,Ša-Aššur-dubbu
P393858,Hu-Teššub,Rusa,undirected,Ša-Aššur-dubbu
P393858,Rusa,Hu-Teššub,undirected,Ša-Aššur-dubbu
P334181,Aššur-belu-daʾʾin,Šamaš-ilaʾi,undirected,Aššur-belu-daʾʾin
P334615,Mannu-ki-Adad,Babu,undirected,Mannu-ki-Adad
P334894,Adad-isseʾa,Šulmu-beli,undirected,Adad-issiya
P334069,Gabbu-ana-Aššur,Arzaya,undirected,Gabbu-ana-Aššur
P334558,Aššur-alik-pani,Bel-iddina,undirected,Aššur-alik-pani
P314294,Adad-isseʾa,Aza,undirected,Adad-issiya
P334613,Šulmu-beli,Urzana,undirected,Šulmu-beli
P313478,Aššur-belu-udaʾʾan,Aššur-remanni,undirected,Aššur-belu-udaʾʾan
P313474,Atanha-Šamaš,Attar-ham,undirected,Atanha-Šamaš
P313474,Atanha-Šamaš,Habsi,undirected,Atanha-Šamaš
P313474,Atanha-Šamaš,Šulmu-beli,undirected,Atanha-Šamaš
P313474,Atanha-Šamaš,Luqu,undirected,Atanha-Šamaš
P313474,Atanha-Šamaš,Marduk-remanni,undirected,Atanha-Šamaš
P313474,Attar-ham,Habsi,undirected,Atanha-Šamaš
P313474,Attar-ham,Šulmu-beli,undirected,Atanha-Šamaš
P313474,Attar-ham,Luqu,undirected,Atanha-Šamaš
P313474,Attar-ham,Marduk-remanni,undirected,Atanha-Šamaš
P313474,Habsi,Šulmu-beli,undirected,Atanha-Šamaš
P313474,Habsi,Luqu,undirected,Atanha-Šamaš
P313474,Habsi,Marduk-remanni,undirected,Atanha-Šamaš
P313474,Šulmu-beli,Luqu,undirected,Atanha-Šamaš
P313474,Šulmu-beli,Habsi,undirected,Atanha-Šamaš
P313474,Šulmu-beli,Marduk-remanni,undirected,Atanha-Šamaš
P313474,Luqu,Habsi,undirected,Atanha-Šamaš
P313474,Luqu,Marduk-remanni,undirected,Atanha-Šamaš
P334093,Aššur-reṣuwa,Ariye,undirected,Aššur-reṣuwa
P334093,Aššur-reṣuwa,Ariaza,undirected,Aššur-reṣuwa
P334093,Aššur-reṣuwa,Šulmu-beli-lašme,undirected,Aššur-reṣuwa
P334093,Ariye,Ariaza,undirected,Aššur-reṣuwa
P334093,Ariye,Šulmu-beli-lašme,undirected,Aššur-reṣuwa
P334093,Ariaza,Šulmu-beli-lašme,undirected,Aššur-reṣuwa
P334090,Aššur-reṣuwa,Narage,undirected,Aššur-reṣuwa
P334090,Aššur-reṣuwa,Urṣene,undirected,Aššur-reṣuwa
P334090,Aššur-reṣuwa,Abaliuqunu,undirected,Aššur-reṣuwa
P334090,Aššur-reṣuwa,Iṣiye,undirected,Aššur-reṣuwa
P334090,Narage,Urṣene,undirected,Aššur-reṣuwa
P334090,Narage,Abaliuqunu,undirected,Aššur-reṣuwa
P334090,Narage,Iṣiye,undirected,Aššur-reṣuwa
P334090,Urṣene,Abaliuqunu,undirected,Aššur-reṣuwa
P334090,Urṣene,Iṣiye,undirected,Aššur-reṣuwa
P334090,Abaliuqunu,Iṣiye,undirected,Aššur-reṣuwa
P334138,Naʾdi-ilu,Šimkaya,undirected,Naʾdi-ilu
P313513,Ariye,Aššur-reṣuwa,undirected,
P313905,Šamaš-išmanni,Ariye,undirected,Aššur-reṣuwa
P313926,Nanu,Meṣate-ibni,undirected,Nanu
P334497,Ša-Aššur-dubbu,Duri-Adad,undirected,Ša-Aššur-dubbu
P334139,Naʾdi-ilu,Naṣib-il,undirected,Naʾdi-ilu
P334139,Naʾdi-ilu,Šarru-emuranni,undirected,Naʾdi-ilu
P334139,Naṣib-il,Šarru-emuranni,undirected,Naʾdi-ilu
P334139,Šarru-emuranni,Naṣib-il,undirected,Naʾdi-ilu
P313711,Aššur-dur-paniya,Ariye,undirected,Aššur-dur-paniya
P313585,Ariye,Ariaza,undirected,Gabbu-ana-Aššur
P334060,Urdu-Sin,Issar-duri,undirected,Urdu-Sin
P334060,Urdu-Sin,Urzana,undirected,Urdu-Sin
P334060,Issar-duri,Urzana,undirected,Urdu-Sin
P334528,Aššur-dur-paniya,Ariye,undirected,Aššur-dur-paniya
P334263,Šarru-emuranni,Kubaba-satar,undirected,Šarru-emuranni
P314327,Saniye,Urzana,undirected,
P334180,Aššur-belu-daʾʾin,Nabuʾa,undirected,Aššur-belu-daʾʾin
P334612,Šulmu-beli,Yanzu,undirected,Šulmu-beli
P334783,Nashir-Bel,Humamati,undirected,Nashir-Bel
P334783,Nashir-Bel,Haldi-abu-uṣur,undirected,Nashir-Bel
P334783,Nashir-Bel,Kanunaya,undirected,Nashir-Bel
P334783,Nashir-Bel,Ahhutun,undirected,Nashir-Bel
P334783,Humamati,Haldi-abu-uṣur,undirected,Nashir-Bel
P334783,Humamati,Kanunaya,undirected,Nashir-Bel
P334783,Humamati,Ahhutun,undirected,Nashir-Bel
P334783,Haldi-abu-uṣur,Kanunaya,undirected,Nashir-Bel
P334783,Haldi-abu-uṣur,Ahhutun,undirected,Nashir-Bel
P334783,Kanunaya,Ahhutun,undirected,Nashir-Bel
P334279,Šamaš-belu-uṣur,Arbailayu,undirected,Šamaš-belu-uṣur
P334279,Šamaš-belu-uṣur,Ubru-Harran,undirected,Šamaš-belu-uṣur
P334279,Arbailayu,Ubru-Harran,undirected,Šamaš-belu-uṣur
P334279,Ubru-Harran,Arbailayu,undirected,Šamaš-belu-uṣur
P337150,Aššur-reṣuwa,Bure,undirected,Aššur-reṣuwa
P337150,Aššur-reṣuwa,Eziye,undirected,Aššur-reṣuwa
P337150,Aššur-reṣuwa,Gamalu,undirected,Aššur-reṣuwa
P337150,Aššur-reṣuwa,Ehiye,undirected,Aššur-reṣuwa
P337150,Aššur-reṣuwa,Ariaza,undirected,Aššur-reṣuwa
P337150,Aššur-reṣuwa,Kummaya,undirected,Aššur-reṣuwa
P337150,Aššur-reṣuwa,Biriaun,undirected,Aššur-reṣuwa
P337150,Aššur-reṣuwa,Ariye,undirected,Aššur-reṣuwa
P337150,Aššur-reṣuwa,Kaqqadanu,undirected,Aššur-reṣuwa
P337150,Aššur-reṣuwa,Saniye,undirected,Aššur-reṣuwa
P337150,Bure,Eziye,undirected,Aššur-reṣuwa
P337150,Bure,Gamalu,undirected,Aššur-reṣuwa
P337150,Bure,Ehiye,undirected,Aššur-reṣuwa
P337150,Bure,Ariaza,undirected,Aššur-reṣuwa
P337150,Bure,Kummaya,undirected,Aššur-reṣuwa
P337150,Bure,Biriaun,undirected,Aššur-reṣuwa
P337150,Bure,Ariye,undirected,Aššur-reṣuwa
P337150,Bure,Kaqqadanu,undirected,Aššur-reṣuwa
P337150,Bure,Saniye,undirected,Aššur-reṣuwa
P337150,Eziye,Gamalu,undirected,Aššur-reṣuwa
P337150,Eziye,Ehiye,undirected,Aššur-reṣuwa
P337150,Eziye,Ariaza,undirected,Aššur-reṣuwa
P337150,Eziye,Kummaya,undirected,Aššur-reṣuwa
P337150,Eziye,Biriaun,undirected,Aššur-reṣuwa
P337150,Eziye,Ariye,undirected,Aššur-reṣuwa
P337150,Eziye,Kaqqadanu,undirected,Aššur-reṣuwa
P337150,Eziye,Saniye,undirected,Aššur-reṣuwa
P337150,Gamalu,Ehiye,undirected,Aššur-reṣuwa
P337150,Gamalu,Ariaza,undirected,Aššur-reṣuwa
P337150,Gamalu,Kummaya,undirected,Aššur-reṣuwa
P337150,Gamalu,Biriaun,undirected,Aššur-reṣuwa
P337150,Gamalu,Ariye,undirected,Aššur-reṣuwa
P337150,Gamalu,Kaqqadanu,undirected,Aššur-reṣuwa
P337150,Gamalu,Saniye,undirected,Aššur-reṣuwa
P337150,Ehiye,Ariaza,undirected,Aššur-reṣuwa
P337150,Ehiye,Kummaya,undirected,Aššur-reṣuwa
P337150,Ehiye,Biriaun,undirected,Aššur-reṣuwa
P337150,Ehiye,Ariye,undirected,Aššur-reṣuwa
P337150,Ehiye,Kaqqadanu,undirected,Aššur-reṣuwa
P337150,Ehiye,Saniye,undirected,Aššur-reṣuwa
P337150,Ariaza,Kummaya,undirected,Aššur-reṣuwa
P337150,Ariaza,Biriaun,undirected,Aššur-reṣuwa
P337150,Ariaza,Ariye,undirected,Aššur-reṣuwa
P337150,Ariaza,Kaqqadanu,undirected,Aššur-reṣuwa
P337150,Ariaza,Saniye,undirected,Aššur-reṣuwa
P337150,Kummaya,Biriaun,undirected,Aššur-reṣuwa
P337150,Kummaya,Ariye,undirected,Aššur-reṣuwa
P337150,Kummaya,Kaqqadanu,undirected,Aššur-reṣuwa
P337150,Kummaya,Saniye,undirected,Aššur-reṣuwa
P337150,Biriaun,Ariye,undirected,Aššur-reṣuwa
P337150,Biriaun,Kaqqadanu,undirected,Aššur-reṣuwa
P337150,Biriaun,Saniye,undirected,Aššur-reṣuwa
P337150,Ariye,Kaqqadanu,undirected,Aššur-reṣuwa
P337150,Ariye,Saniye,undirected,Aššur-reṣuwa
P337150,Kaqqadanu,Saniye,undirected,Aššur-reṣuwa
P334223,Zabaya,Suitka,undirected,Zabayu
P334863,Aššur-alik-pani,Nergal-šarrani,undirected,Aššur-alik-pani
P313609,Aššur-šarrani,Ada,undirected,
P313609,Aššur-šarrani,Baziya,undirected,
P313609,Ada,Baziya,undirected,
P334504,Nabu-belu-kaʾʾin,Ilumma-taklak,undirected,Nabu-belu-kaʾʾin
P334483,Nabu-šumu-iddina,Mahumaya,undirected,Nabu-šumu-iddina
P334483,Nabu-šumu-iddina,Halama,undirected,Nabu-šumu-iddina
P334483,Nabu-šumu-iddina,Mušezibu,undirected,Nabu-šumu-iddina
P334483,Nabu-šumu-iddina,Bel-šarru-uṣur,undirected,Nabu-šumu-iddina
P334483,Mahumaya,Halama,undirected,Nabu-šumu-iddina
P334483,Mahumaya,Mušezibu,undirected,Nabu-šumu-iddina
P334483,Mahumaya,Bel-šarru-uṣur,undirected,Nabu-šumu-iddina
P334483,Halama,Mušezibu,undirected,Nabu-šumu-iddina
P334483,Halama,Bel-šarru-uṣur,undirected,Nabu-šumu-iddina
P334483,Mušezibu,Bel-šarru-uṣur,undirected,Nabu-šumu-iddina
P334483,Bel-šarru-uṣur,Mušezibu,undirected,Nabu-šumu-iddina
P334103,Issar-duri,Nabu-šumu-iddina,undirected,Issar-duri
P334103,Issar-duri,Nabu-eriba,undirected,Issar-duri
P334103,Issar-duri,Šamaš-belu-uṣur,undirected,Issar-duri
P334103,Nabu-šumu-iddina,Nabu-eriba,undirected,Issar-duri
P334103,Nabu-šumu-iddina,Šamaš-belu-uṣur,undirected,Issar-duri
P334103,Nabu-eriba,Šamaš-belu-uṣur,undirected,Issar-duri
P313617,Bel-ilaʾi,Aplaya,undirected,
P334583,Šamaš-abu-uṣur,Raʾiwanu,undirected,Šamaš-abu-uṣur
P334583,Šamaš-abu-uṣur,Bel-iddina,undirected,Šamaš-abu-uṣur
P334583,Šamaš-abu-uṣur,Mar-Zeri,undirected,Šamaš-abu-uṣur
P334583,Raʾiwanu,Bel-iddina,undirected,Šamaš-abu-uṣur
P334583,Raʾiwanu,Mar-Zeri,undirected,Šamaš-abu-uṣur
P334583,Bel-iddina,Mar-Zeri,undirected,Šamaš-abu-uṣur
P313420,Il-yadaʾ,Aššur-belu-taqqin,undirected,Il-yadaʾ
P334696,Gadya,Šulmu-bel-ašme,undirected,
P334609,Aššur-belu-taqqin,Marduk-apla-iddina,undirected,Aššur-belu-taqqin
P334609,Aššur-belu-taqqin,Ina-qibi-Bel-abluṭ,undirected,Aššur-belu-taqqin
P334609,Aššur-belu-taqqin,Nabu-hamatua,undirected,Aššur-belu-taqqin
P334609,Marduk-apla-iddina,Ina-qibi-Bel-abluṭ,undirected,Aššur-belu-taqqin
P334609,Marduk-apla-iddina,Nabu-hamatua,undirected,Aššur-belu-taqqin
P334609,Ina-qibi-Bel-abluṭ,Nabu-hamatua,undirected,Aššur-belu-taqqin
P313444,Kalbi-Uku,Mar-Yakin,undirected,Il-yadaʾ
P334648,Mar-Zeri,Teši-eṭir,undirected,
P334648,Mar-Zeri,Badaya,undirected,
P334648,Mar-Zeri,Yadiʾ,undirected,
P334648,Teši-eṭir,Badaya,undirected,
P334648,Teši-eṭir,Yadiʾ,undirected,
P334648,Badaya,Yadiʾ,undirected,
P334502,Issar-duri,Marduk-iddina,undirected,Issar-duri
P334502,Issar-duri,Šamaš-ruqaya,undirected,Issar-duri
P334502,Marduk-iddina,Šamaš-ruqaya,undirected,Issar-duri
P334805,Issar-naʾdi,Nabu-ahu-uṣur,undirected,
P334805,Issar-naʾdi,Aššur-remanni,undirected,
P334805,Nabu-ahu-uṣur,Aššur-remanni,undirected,
P313647,Nabu-belu-kaʾʾin,Belšunu,undirected,Nabu-belu-kaʾʾin
P334344,Il-yadaʾ,Aššur-belu-taqqin,undirected,Il-yadaʾ
P334344,Il-yadaʾ,Marduk-apla-iddina,undirected,Il-yadaʾ
P334344,Aššur-belu-taqqin,Marduk-apla-iddina,undirected,Il-yadaʾ
P334163,Sapiku,Aqaba,undirected,
P334163,Sapiku,La-baši,undirected,
P334163,Sapiku,Zaqiru,undirected,
P334163,Sapiku,Bel-leʾi,undirected,
P334163,Sapiku,Saʾeru,undirected,
P334163,Sapiku,Marduk-šarru-uṣur,undirected,
P334163,Sapiku,Eriba,undirected,
P334163,Sapiku,Sin-duru-uṣur,undirected,
P334163,Sapiku,Ata,undirected,
P334163,Sapiku,Marduk-apla-iddina,undirected,
P334163,Aqaba,La-baši,undirected,
P334163,Aqaba,Zaqiru,undirected,
P334163,Aqaba,Bel-leʾi,undirected,
P334163,Aqaba,Saʾeru,undirected,
P334163,Aqaba,Marduk-šarru-uṣur,undirected,
P334163,Aqaba,Eriba,undirected,
P334163,Aqaba,Sin-duru-uṣur,undirected,
P334163,Aqaba,Ata,undirected,
P334163,Aqaba,Sapiku,undirected,
P334163,Aqaba,Marduk-apla-iddina,undirected,
P334163,La-baši,Zaqiru,undirected,
P334163,La-baši,Bel-leʾi,undirected,
P334163,La-baši,Saʾeru,undirected,
P334163,La-baši,Marduk-šarru-uṣur,undirected,
P334163,La-baši,Eriba,undirected,
P334163,La-baši,Sin-duru-uṣur,undirected,
P334163,La-baši,Ata,undirected,
P334163,La-baši,Sapiku,undirected,
P334163,La-baši,Marduk-apla-iddina,undirected,
P334163,Zaqiru,Bel-leʾi,undirected,
P334163,Zaqiru,Saʾeru,undirected,
P334163,Zaqiru,Marduk-šarru-uṣur,undirected,
P334163,Zaqiru,Eriba,undirected,
P334163,Zaqiru,Sin-duru-uṣur,undirected,
P334163,Zaqiru,Ata,undirected,
P334163,Zaqiru,Sapiku,undirected,
P334163,Zaqiru,Marduk-apla-iddina,undirected,
P334163,Bel-leʾi,Saʾeru,undirected,
P334163,Bel-leʾi,Marduk-šarru-uṣur,undirected,
P334163,Bel-leʾi,Eriba,undirected,
P334163,Bel-leʾi,Sin-duru-uṣur,undirected,
P334163,Bel-leʾi,Ata,undirected,
P334163,Bel-leʾi,Sapiku,undirected,
P334163,Bel-leʾi,Marduk-apla-iddina,undirected,
P334163,Saʾeru,Marduk-šarru-uṣur,undirected,
P334163,Saʾeru,Eriba,undirected,
P334163,Saʾeru,Sin-duru-uṣur,undirected,
P334163,Saʾeru,Ata,undirected,
P334163,Saʾeru,Sapiku,undirected,
P334163,Saʾeru,Marduk-apla-iddina,undirected,
P334163,Marduk-šarru-uṣur,Eriba,undirected,
P334163,Marduk-šarru-uṣur,Sin-duru-uṣur,undirected,
P334163,Marduk-šarru-uṣur,Ata,undirected,
P334163,Marduk-šarru-uṣur,Saʾeru,undirected,
P334163,Marduk-šarru-uṣur,Sapiku,undirected,
P334163,Marduk-šarru-uṣur,Marduk-apla-iddina,undirected,
P334163,Eriba,Sin-duru-uṣur,undirected,
P334163,Eriba,Marduk-šarru-uṣur,undirected,
P334163,Eriba,Ata,undirected,
P334163,Eriba,Saʾeru,undirected,
P334163,Eriba,Sapiku,undirected,
P334163,Eriba,Marduk-apla-iddina,undirected,
P334163,Sin-duru-uṣur,Marduk-šarru-uṣur,undirected,
P334163,Sin-duru-uṣur,Ata,undirected,
P334163,Sin-duru-uṣur,Saʾeru,undirected,
P334163,Sin-duru-uṣur,Sapiku,undirected,
P334163,Sin-duru-uṣur,Marduk-apla-iddina,undirected,
P334163,Ata,Saʾeru,undirected,
P334163,Ata,Sapiku,undirected,
P334163,Ata,Marduk-apla-iddina,undirected,
P313769,Raši-Marduk,Ahhešaya,undirected,
P334661,Nergal-eṭir,Humbe,undirected,Nergal-eṭir
P313421,Šarru-emuranni,Šamaš-ilaʾi,undirected,Šarru-emuranni
P313421,Šarru-emuranni,Aššur-belu-taqqin,undirected,Šarru-emuranni
P313421,Šarru-emuranni,Abi-Seʾ,undirected,Šarru-emuranni
P313421,Šarru-emuranni,Adad-remanni,undirected,Šarru-emuranni
P313421,Šamaš-ilaʾi,Aššur-belu-taqqin,undirected,Šarru-emuranni
P313421,Šamaš-ilaʾi,Abi-Seʾ,undirected,Šarru-emuranni
P313421,Šamaš-ilaʾi,Adad-remanni,undirected,Šarru-emuranni
P313421,Aššur-belu-taqqin,Abi-Seʾ,undirected,Šarru-emuranni
P313421,Aššur-belu-taqqin,Adad-remanni,undirected,Šarru-emuranni
P313421,Abi-Seʾ,Adad-remanni,undirected,Šarru-emuranni
P313515,Šarru-emuranni,Nabu-ereš,undirected,Šarru-emuranni
P313515,Šarru-emuranni,Nabu-leʾi,undirected,Šarru-emuranni
P313515,Nabu-ereš,Nabu-leʾi,undirected,Šarru-emuranni
P334367,Šamaš-belu-uṣur,Balassu,undirected,Šamaš-belu-uṣur
P334367,Šamaš-belu-uṣur,Ša-la-ili-mannu,undirected,Šamaš-belu-uṣur
P334367,Balassu,Ša-la-ili-mannu,undirected,Šamaš-belu-uṣur
P313470,Aššur-belu-uṣur,Lutu,undirected,Aššur-belu-uṣur
P313470,Aššur-belu-uṣur,Šamaš-belu-uṣur,undirected,Aššur-belu-uṣur
P313470,Aššur-belu-uṣur,Eni-il,undirected,Aššur-belu-uṣur
P313470,Lutu,Šamaš-belu-uṣur,undirected,Aššur-belu-uṣur
P313470,Lutu,Eni-il,undirected,Aššur-belu-uṣur
P313470,Šamaš-belu-uṣur,Eni-il,undirected,Aššur-belu-uṣur
P334683,Marduk-šarrani,Marduk-apla-iddina,undirected,Il-yadaʾ or Šarru-emuranni
P334683,Marduk-šarrani,Mar-Yakin,undirected,Il-yadaʾ or Šarru-emuranni
P334683,Marduk-apla-iddina,Marduk-šarrani,undirected,Il-yadaʾ or Šarru-emuranni
P334683,Marduk-apla-iddina,Mar-Yakin,undirected,Il-yadaʾ or Šarru-emuranni
P334683,Mar-Yakin,Marduk-šarrani,undirected,Il-yadaʾ or Šarru-emuranni
P334716,Il-yadaʾ,Marduk-apla-iddina,undirected,Il-yadaʾ
P313483,Il-yadaʾ,Mar-Yakin,undirected,Il-yadaʾ
P313483,Il-yadaʾ,Bel-uduʾa,undirected,Il-yadaʾ
P313483,Il-yadaʾ,Eṭiru,undirected,Il-yadaʾ
P313483,Il-yadaʾ,Nabu-ušallim,undirected,Il-yadaʾ
P313483,Mar-Yakin,Bel-uduʾa,undirected,Il-yadaʾ
P313483,Mar-Yakin,Eṭiru,undirected,Il-yadaʾ
P313483,Mar-Yakin,Nabu-ušallim,undirected,Il-yadaʾ
P313483,Bel-uduʾa,Eṭiru,undirected,Il-yadaʾ
P313483,Bel-uduʾa,Nabu-ušallim,undirected,Il-yadaʾ
P313483,Eṭiru,Nabu-ušallim,undirected,Il-yadaʾ
P313849,Il-yadaʾ,Nabu-belu-kaʾʾin,undirected,Nabu-šumu-iddina
P334711,Eṭiru,Bel-ibni,undirected,
P334507,Marduk-šarru-uṣur,Erra-dala,undirected,Marduk-šarru-uṣur
P334507,Marduk-šarru-uṣur,Bel-uṣur,undirected,Marduk-šarru-uṣur
P334507,Erra-dala,Bel-uṣur,undirected,Marduk-šarru-uṣur
P428978,Nabu-belu-kaʾʾin,Aššur-daʾʾinanni,undirected,Nabu-belu-kaʾʾin
P334316,Nabu-belu-kaʾʾin,Mar-Yakin,undirected,Nabu-belu-kaʾʾin
P334846,Nabu-belu-kaʾʾin,Nergal-belu-uṣur,undirected,Nabu-belu-kaʾʾin
P313496,Niya,Uaksatar,undirected,
P334847,Nabu-duru-uṣur,Dalta,undirected,Nabu-duru-uṣur
P334847,Nabu-duru-uṣur,Umman-mina,undirected,Nabu-duru-uṣur
P334847,Dalta,Umman-mina,undirected,Nabu-duru-uṣur
P334537,Šarru-emuranni,Ahu-bani,undirected,Šarru-emuranni
P334119,Marduk-šarru-uṣur,Ašpa-bara,undirected,Marduk-šarru-uṣur
P334119,Marduk-šarru-uṣur,Kibabiše,undirected,Marduk-šarru-uṣur
P334119,Marduk-šarru-uṣur,Dasukku,undirected,Marduk-šarru-uṣur
P334119,Marduk-šarru-uṣur,Lutu,undirected,Marduk-šarru-uṣur
P334119,Ašpa-bara,Kibabiše,undirected,Marduk-šarru-uṣur
P334119,Ašpa-bara,Dasukku,undirected,Marduk-šarru-uṣur
P334119,Ašpa-bara,Marduk-šarru-uṣur,undirected,Marduk-šarru-uṣur
P334119,Ašpa-bara,Lutu,undirected,Marduk-šarru-uṣur
P334119,Kibabiše,Dasukku,undirected,Marduk-šarru-uṣur
P334119,Kibabiše,Marduk-šarru-uṣur,undirected,Marduk-šarru-uṣur
P334119,Kibabiše,Lutu,undirected,Marduk-šarru-uṣur
P334119,Kibabiše,Ašpa-bara,undirected,Marduk-šarru-uṣur
P334119,Dasukku,Marduk-šarru-uṣur,undirected,Marduk-šarru-uṣur
P334119,Dasukku,Kibabiše,undirected,Marduk-šarru-uṣur
P334119,Dasukku,Lutu,undirected,Marduk-šarru-uṣur
P334119,Dasukku,Ašpa-bara,undirected,Marduk-šarru-uṣur
P334119,Lutu,Ašpa-bara,undirected,Marduk-šarru-uṣur
P334115,Nabu-belu-kaʾʾin,Nabu-iqiša,undirected,Nabu-belu-kaʾʾin
P334731,Nabu-duru-uṣur,Lu-ahuʾa,undirected,Nabu-duru-uṣur
P334731,Nabu-duru-uṣur,Ahi-yaqar,undirected,Nabu-duru-uṣur
P334731,Nabu-duru-uṣur,Bel-emuranni,undirected,Nabu-duru-uṣur
P334731,Nabu-duru-uṣur,Eṭiru,undirected,Nabu-duru-uṣur
P334731,Lu-ahuʾa,Ahi-yaqar,undirected,Nabu-duru-uṣur
P334731,Lu-ahuʾa,Bel-emuranni,undirected,Nabu-duru-uṣur
P334731,Lu-ahuʾa,Eṭiru,undirected,Nabu-duru-uṣur
P334731,Ahi-yaqar,Bel-emuranni,undirected,Nabu-duru-uṣur
P334731,Ahi-yaqar,Eṭiru,undirected,Nabu-duru-uṣur
P334731,Bel-emuranni,Eṭiru,undirected,Nabu-duru-uṣur
P334731,Eṭiru,Bel-emuranni,undirected,Nabu-duru-uṣur
P314046,Marduk-apla-iddina,Bel-iqiša,undirected,
P334441,Nabu-epuš,Madayu,undirected,Aššur-belu-taqqin
P334441,Nabu-epuš,Il-yadaʾ,undirected,Aššur-belu-taqqin
P334441,Nabu-epuš,Mannu-ki-mat-Aššur,undirected,Aššur-belu-taqqin
P334441,Nabu-epuš,Aššur-belu-taqqin,undirected,Aššur-belu-taqqin
P334441,Nabu-epuš,Ereš-ilu,undirected,Aššur-belu-taqqin
P334441,Madayu,Il-yadaʾ,undirected,Aššur-belu-taqqin
P334441,Madayu,Mannu-ki-mat-Aššur,undirected,Aššur-belu-taqqin
P334441,Madayu,Aššur-belu-taqqin,undirected,Aššur-belu-taqqin
P334441,Madayu,Ereš-ilu,undirected,Aššur-belu-taqqin
P334441,Il-yadaʾ,Mannu-ki-mat-Aššur,undirected,Aššur-belu-taqqin
P334441,Il-yadaʾ,Aššur-belu-taqqin,undirected,Aššur-belu-taqqin
P334441,Il-yadaʾ,Ereš-ilu,undirected,Aššur-belu-taqqin
P334441,Mannu-ki-mat-Aššur,Aššur-belu-taqqin,undirected,Aššur-belu-taqqin
P334441,Mannu-ki-mat-Aššur,Il-yadaʾ,undirected,Aššur-belu-taqqin
P334441,Mannu-ki-mat-Aššur,Ereš-ilu,undirected,Aššur-belu-taqqin
P334441,Aššur-belu-taqqin,Il-yadaʾ,undirected,Aššur-belu-taqqin
P334441,Aššur-belu-taqqin,Ereš-ilu,undirected,Aššur-belu-taqqin
P334441,Ereš-ilu,Il-yadaʾ,undirected,Aššur-belu-taqqin
P334343,Il-yadaʾ,Kutayu,undirected,Il-yadaʾ
P334343,Il-yadaʾ,Seʾ-salamu,undirected,Il-yadaʾ
P334343,Il-yadaʾ,Yasumu,undirected,Il-yadaʾ
P334343,Il-yadaʾ,Mar-Zeri,undirected,Il-yadaʾ
P334343,Kutayu,Seʾ-salamu,undirected,Il-yadaʾ
P334343,Kutayu,Yasumu,undirected,Il-yadaʾ
P334343,Kutayu,Mar-Zeri,undirected,Il-yadaʾ
P334343,Seʾ-salamu,Yasumu,undirected,Il-yadaʾ
P334343,Seʾ-salamu,Mar-Zeri,undirected,Il-yadaʾ
P334343,Yasumu,Mar-Zeri,undirected,Il-yadaʾ
P334421,Ahu-nuri,Radmanu,undirected,Il-yadaʾ
P313576,Nabu-remanni,Nabu-belu-kaʾʾin,undirected,Nabu-remanni
P313848,Mahumaya,Il-yadaʾ,undirected,Aššur-belu-taqqin
P334097,Sin-naʾdi,Aššur-belu-taqqin,undirected,Sin-naʾdi
P334076,Mannu-ki-Ninua,Šarru-emuranni,undirected,Mannu-ki-Ninua
P334076,Mannu-ki-Ninua,Lutu,undirected,Mannu-ki-Ninua
P334076,Mannu-ki-Ninua,Irtukkanu,undirected,Mannu-ki-Ninua
P334076,Šarru-emuranni,Lutu,undirected,Mannu-ki-Ninua
P334076,Šarru-emuranni,Irtukkanu,undirected,Mannu-ki-Ninua
P334076,Lutu,Irtukkanu,undirected,Mannu-ki-Ninua
P313434,Nabu-belu-kaʾʾin,Il-yadaʾ,undirected,Nabu-belu-kaʾʾin
P334697,Asrukanu,Irtukkanu,undirected,Mannu-ki-Ninua
P313747,Il-yadaʾ,Badaya,undirected,
P313747,Badaya,Il-yadaʾ,undirected,
P313788,Nabu-balliṭanni,Natan,undirected,Nabu-balliṭanni
P313788,Nabu-balliṭanni,Mannu-iri,undirected,Nabu-balliṭanni
P313788,Nabu-balliṭanni,Nabu-šallim,undirected,Nabu-balliṭanni
P313788,Natan,Mannu-iri,undirected,Nabu-balliṭanni
P313788,Natan,Nabu-šallim,undirected,Nabu-balliṭanni
P313788,Mannu-iri,Nabu-šallim,undirected,Nabu-balliṭanni
P334413,Šarru-emuranni,Barik-il,undirected,Šarru-emuranni
P334413,Šarru-emuranni,Nabu-šallim,undirected,Šarru-emuranni
P334413,Šarru-emuranni,Umadi,undirected,Šarru-emuranni
P334413,Barik-il,Nabu-šallim,undirected,Šarru-emuranni
P334413,Barik-il,Umadi,undirected,Šarru-emuranni
P334413,Nabu-šallim,Umadi,undirected,Šarru-emuranni
P313653,Šarru-emuranni,Nabu-taklak,undirected,Šarru-emuranni
P313653,Šarru-emuranni,Marduk-zeru-ibni,undirected,Šarru-emuranni
P313653,Nabu-taklak,Marduk-zeru-ibni,undirected,Šarru-emuranni
P313476,Badaya,Lansi,undirected,
P313476,Lansi,Badaya,undirected,
P314016,Mar-suri,Adda-imme,undirected,
P313498,Aššur-belu-uṣur,Ezi,undirected,Aššur-belu-uṣur
P313498,Aššur-belu-uṣur,Zala,undirected,Aššur-belu-uṣur
P313498,Ezi,Zala,undirected,Aššur-belu-uṣur
P334916,Nabu-belu-kaʾʾin,Nabu-iqiša,undirected,Nabu-belu-kaʾʾin
P334916,Nabu-belu-kaʾʾin,Mar-Yakin,undirected,Nabu-belu-kaʾʾin
P334916,Nabu-iqiša,Mar-Yakin,undirected,Nabu-belu-kaʾʾin
P313728,Marduk-apla-iddina,Nani,undirected,
P334108,Issar-duri,Marduk-šarru-uṣur,undirected,Issar-duri
P334168,Nergal-eṭir,Dalta,undirected,Nergal-eṭir
P313659,Aššur-belu-taqqin,Nabu-nadin-ahi,undirected,
P334540,Šarru-emuranni,Mar-Zeri,undirected,Šarru-emuranni
P334704,Aššur-belu-taqqin,Šamaš-taklak,undirected,Aššur-belu-taqqin
P334704,Aššur-belu-taqqin,Nabu-taklak,undirected,Aššur-belu-taqqin
P334704,Aššur-belu-taqqin,Marduk-apla-iddina,undirected,Aššur-belu-taqqin
P334704,Šamaš-taklak,Nabu-taklak,undirected,Aššur-belu-taqqin
P334704,Šamaš-taklak,Marduk-apla-iddina,undirected,Aššur-belu-taqqin
P334704,Nabu-taklak,Marduk-apla-iddina,undirected,Aššur-belu-taqqin
P224449,Dalta,Nergal-eṭir,undirected,Nabu-belu-kaʾʾin
P224449,Dalta,Hunanu,undirected,Nabu-belu-kaʾʾin
P224449,Nergal-eṭir,Hunanu,undirected,Nabu-belu-kaʾʾin
P334703,Issar-duri,Nadin,undirected,Issar-duri
P334703,Issar-duri,Harriru,undirected,Issar-duri
P334703,Nadin,Harriru,undirected,Issar-duri
P334155,Aššur-belu-taqqin,Hazannu,undirected,Aššur-belu-taqqin
P334155,Aššur-belu-taqqin,Ubaru,undirected,Aššur-belu-taqqin
P334155,Aššur-belu-taqqin,Nabu-bani,undirected,Aššur-belu-taqqin
P334155,Aššur-belu-taqqin,Palihka-libluṭ,undirected,Aššur-belu-taqqin
P334155,Aššur-belu-taqqin,Nabu-ahu-ereš,undirected,Aššur-belu-taqqin
P334155,Aššur-belu-taqqin,Zazaya,undirected,Aššur-belu-taqqin
P334155,Aššur-belu-taqqin,Harranu,undirected,Aššur-belu-taqqin
P334155,Aššur-belu-taqqin,Amat-Bel-uṣur,undirected,Aššur-belu-taqqin
P334155,Aššur-belu-taqqin,Naʾid-Ešeriga,undirected,Aššur-belu-taqqin
P334155,Aššur-belu-taqqin,Nabu-nadin-ahi,undirected,Aššur-belu-taqqin
P334155,Aššur-belu-taqqin,Bel-lamur,undirected,Aššur-belu-taqqin
P334155,Aššur-belu-taqqin,Anu-ereš,undirected,Aššur-belu-taqqin
P334155,Aššur-belu-taqqin,Iqišaya,undirected,Aššur-belu-taqqin
P334155,Aššur-belu-taqqin,Rehanu,undirected,Aššur-belu-taqqin
P334155,Aššur-belu-taqqin,Paltaṣi,undirected,Aššur-belu-taqqin
P334155,Aššur-belu-taqqin,Il-yadaʾ,undirected,Aššur-belu-taqqin
P334155,Hazannu,Ubaru,undirected,Aššur-belu-taqqin
P334155,Hazannu,Nabu-bani,undirected,Aššur-belu-taqqin
P334155,Hazannu,Palihka-libluṭ,undirected,Aššur-belu-taqqin
P334155,Hazannu,Nabu-ahu-ereš,undirected,Aššur-belu-taqqin
P334155,Hazannu,Zazaya,undirected,Aššur-belu-taqqin
P334155,Hazannu,Harranu,undirected,Aššur-belu-taqqin
P334155,Hazannu,Amat-Bel-uṣur,undirected,Aššur-belu-taqqin
P334155,Hazannu,Naʾid-Ešeriga,undirected,Aššur-belu-taqqin
P334155,Hazannu,Nabu-nadin-ahi,undirected,Aššur-belu-taqqin
P334155,Hazannu,Bel-lamur,undirected,Aššur-belu-taqqin
P334155,Hazannu,Anu-ereš,undirected,Aššur-belu-taqqin
P334155,Hazannu,Iqišaya,undirected,Aššur-belu-taqqin
P334155,Hazannu,Rehanu,undirected,Aššur-belu-taqqin
P334155,Hazannu,Paltaṣi,undirected,Aššur-belu-taqqin
P334155,Hazannu,Il-yadaʾ,undirected,Aššur-belu-taqqin
P334155,Ubaru,Nabu-bani,undirected,Aššur-belu-taqqin
P334155,Ubaru,Palihka-libluṭ,undirected,Aššur-belu-taqqin
P334155,Ubaru,Nabu-ahu-ereš,undirected,Aššur-belu-taqqin
P334155,Ubaru,Zazaya,undirected,Aššur-belu-taqqin
P334155,Ubaru,Harranu,undirected,Aššur-belu-taqqin
P334155,Ubaru,Amat-Bel-uṣur,undirected,Aššur-belu-taqqin
P334155,Ubaru,Naʾid-Ešeriga,undirected,Aššur-belu-taqqin
P334155,Ubaru,Nabu-nadin-ahi,undirected,Aššur-belu-taqqin
P334155,Ubaru,Bel-lamur,undirected,Aššur-belu-taqqin
P334155,Ubaru,Anu-ereš,undirected,Aššur-belu-taqqin
P334155,Ubaru,Iqišaya,undirected,Aššur-belu-taqqin
P334155,Ubaru,Rehanu,undirected,Aššur-belu-taqqin
P334155,Ubaru,Paltaṣi,undirected,Aššur-belu-taqqin
P334155,Ubaru,Hazannu,undirected,Aššur-belu-taqqin
P334155,Ubaru,Il-yadaʾ,undirected,Aššur-belu-taqqin
P334155,Nabu-bani,Palihka-libluṭ,undirected,Aššur-belu-taqqin
P334155,Nabu-bani,Nabu-ahu-ereš,undirected,Aššur-belu-taqqin
P334155,Nabu-bani,Zazaya,undirected,Aššur-belu-taqqin
P334155,Nabu-bani,Harranu,undirected,Aššur-belu-taqqin
P334155,Nabu-bani,Amat-Bel-uṣur,undirected,Aššur-belu-taqqin
P334155,Nabu-bani,Naʾid-Ešeriga,undirected,Aššur-belu-taqqin
P334155,Nabu-bani,Nabu-nadin-ahi,undirected,Aššur-belu-taqqin
P334155,Nabu-bani,Bel-lamur,undirected,Aššur-belu-taqqin
P334155,Nabu-bani,Anu-ereš,undirected,Aššur-belu-taqqin
P334155,Nabu-bani,Iqišaya,undirected,Aššur-belu-taqqin
P334155,Nabu-bani,Rehanu,undirected,Aššur-belu-taqqin
P334155,Nabu-bani,Paltaṣi,undirected,Aššur-belu-taqqin
P334155,Nabu-bani,Hazannu,undirected,Aššur-belu-taqqin
P334155,Nabu-bani,Il-yadaʾ,undirected,Aššur-belu-taqqin
P334155,Palihka-libluṭ,Nabu-ahu-ereš,undirected,Aššur-belu-taqqin
P334155,Palihka-libluṭ,Zazaya,undirected,Aššur-belu-taqqin
P334155,Palihka-libluṭ,Harranu,undirected,Aššur-belu-taqqin
P334155,Palihka-libluṭ,Amat-Bel-uṣur,undirected,Aššur-belu-taqqin
P334155,Palihka-libluṭ,Naʾid-Ešeriga,undirected,Aššur-belu-taqqin
P334155,Palihka-libluṭ,Nabu-nadin-ahi,undirected,Aššur-belu-taqqin
P334155,Palihka-libluṭ,Bel-lamur,undirected,Aššur-belu-taqqin
P334155,Palihka-libluṭ,Anu-ereš,undirected,Aššur-belu-taqqin
P334155,Palihka-libluṭ,Iqišaya,undirected,Aššur-belu-taqqin
P334155,Palihka-libluṭ,Rehanu,undirected,Aššur-belu-taqqin
P334155,Palihka-libluṭ,Paltaṣi,undirected,Aššur-belu-taqqin
P334155,Palihka-libluṭ,Hazannu,undirected,Aššur-belu-taqqin
P334155,Palihka-libluṭ,Il-yadaʾ,undirected,Aššur-belu-taqqin
P334155,Nabu-ahu-ereš,Zazaya,undirected,Aššur-belu-taqqin
P334155,Nabu-ahu-ereš,Harranu,undirected,Aššur-belu-taqqin
P334155,Nabu-ahu-ereš,Amat-Bel-uṣur,undirected,Aššur-belu-taqqin
P334155,Nabu-ahu-ereš,Naʾid-Ešeriga,undirected,Aššur-belu-taqqin
P334155,Nabu-ahu-ereš,Nabu-nadin-ahi,undirected,Aššur-belu-taqqin
P334155,Nabu-ahu-ereš,Bel-lamur,undirected,Aššur-belu-taqqin
P334155,Nabu-ahu-ereš,Anu-ereš,undirected,Aššur-belu-taqqin
P334155,Nabu-ahu-ereš,Iqišaya,undirected,Aššur-belu-taqqin
P334155,Nabu-ahu-ereš,Rehanu,undirected,Aššur-belu-taqqin
P334155,Nabu-ahu-ereš,Paltaṣi,undirected,Aššur-belu-taqqin
P334155,Nabu-ahu-ereš,Hazannu,undirected,Aššur-belu-taqqin
P334155,Nabu-ahu-ereš,Il-yadaʾ,undirected,Aššur-belu-taqqin
P334155,Zazaya,Harranu,undirected,Aššur-belu-taqqin
P334155,Zazaya,Amat-Bel-uṣur,undirected,Aššur-belu-taqqin
P334155,Zazaya,Naʾid-Ešeriga,undirected,Aššur-belu-taqqin
P334155,Zazaya,Nabu-nadin-ahi,undirected,Aššur-belu-taqqin
P334155,Zazaya,Bel-lamur,undirected,Aššur-belu-taqqin
P334155,Zazaya,Anu-ereš,undirected,Aššur-belu-taqqin
P334155,Zazaya,Iqišaya,undirected,Aššur-belu-taqqin
P334155,Zazaya,Rehanu,undirected,Aššur-belu-taqqin
P334155,Zazaya,Paltaṣi,undirected,Aššur-belu-taqqin
P334155,Zazaya,Hazannu,undirected,Aššur-belu-taqqin
P334155,Zazaya,Il-yadaʾ,undirected,Aššur-belu-taqqin
P334155,Harranu,Amat-Bel-uṣur,undirected,Aššur-belu-taqqin
P334155,Harranu,Naʾid-Ešeriga,undirected,Aššur-belu-taqqin
P334155,Harranu,Nabu-nadin-ahi,undirected,Aššur-belu-taqqin
P334155,Harranu,Bel-lamur,undirected,Aššur-belu-taqqin
P334155,Harranu,Anu-ereš,undirected,Aššur-belu-taqqin
P334155,Harranu,Iqišaya,undirected,Aššur-belu-taqqin
P334155,Harranu,Rehanu,undirected,Aššur-belu-taqqin
P334155,Harranu,Paltaṣi,undirected,Aššur-belu-taqqin
P334155,Harranu,Hazannu,undirected,Aššur-belu-taqqin
P334155,Harranu,Il-yadaʾ,undirected,Aššur-belu-taqqin
P334155,Amat-Bel-uṣur,Naʾid-Ešeriga,undirected,Aššur-belu-taqqin
P334155,Amat-Bel-uṣur,Nabu-nadin-ahi,undirected,Aššur-belu-taqqin
P334155,Amat-Bel-uṣur,Bel-lamur,undirected,Aššur-belu-taqqin
P334155,Amat-Bel-uṣur,Anu-ereš,undirected,Aššur-belu-taqqin
P334155,Amat-Bel-uṣur,Iqišaya,undirected,Aššur-belu-taqqin
P334155,Amat-Bel-uṣur,Rehanu,undirected,Aššur-belu-taqqin
P334155,Amat-Bel-uṣur,Paltaṣi,undirected,Aššur-belu-taqqin
P334155,Amat-Bel-uṣur,Hazannu,undirected,Aššur-belu-taqqin
P334155,Amat-Bel-uṣur,Il-yadaʾ,undirected,Aššur-belu-taqqin
P334155,Naʾid-Ešeriga,Nabu-nadin-ahi,undirected,Aššur-belu-taqqin
P334155,Naʾid-Ešeriga,Bel-lamur,undirected,Aššur-belu-taqqin
P334155,Naʾid-Ešeriga,Anu-ereš,undirected,Aššur-belu-taqqin
P334155,Naʾid-Ešeriga,Iqišaya,undirected,Aššur-belu-taqqin
P334155,Naʾid-Ešeriga,Rehanu,undirected,Aššur-belu-taqqin
P334155,Naʾid-Ešeriga,Paltaṣi,undirected,Aššur-belu-taqqin
P334155,Naʾid-Ešeriga,Hazannu,undirected,Aššur-belu-taqqin
P334155,Naʾid-Ešeriga,Il-yadaʾ,undirected,Aššur-belu-taqqin
P334155,Nabu-nadin-ahi,Bel-lamur,undirected,Aššur-belu-taqqin
P334155,Nabu-nadin-ahi,Anu-ereš,undirected,Aššur-belu-taqqin
P334155,Nabu-nadin-ahi,Iqišaya,undirected,Aššur-belu-taqqin
P334155,Nabu-nadin-ahi,Rehanu,undirected,Aššur-belu-taqqin
P334155,Nabu-nadin-ahi,Paltaṣi,undirected,Aššur-belu-taqqin
P334155,Nabu-nadin-ahi,Hazannu,undirected,Aššur-belu-taqqin
P334155,Nabu-nadin-ahi,Il-yadaʾ,undirected,Aššur-belu-taqqin
P334155,Bel-lamur,Anu-ereš,undirected,Aššur-belu-taqqin
P334155,Bel-lamur,Iqišaya,undirected,Aššur-belu-taqqin
P334155,Bel-lamur,Rehanu,undirected,Aššur-belu-taqqin
P334155,Bel-lamur,Paltaṣi,undirected,Aššur-belu-taqqin
P334155,Bel-lamur,Hazannu,undirected,Aššur-belu-taqqin
P334155,Bel-lamur,Il-yadaʾ,undirected,Aššur-belu-taqqin
P334155,Anu-ereš,Iqišaya,undirected,Aššur-belu-taqqin
P334155,Anu-ereš,Rehanu,undirected,Aššur-belu-taqqin
P334155,Anu-ereš,Paltaṣi,undirected,Aššur-belu-taqqin
P334155,Anu-ereš,Hazannu,undirected,Aššur-belu-taqqin
P334155,Anu-ereš,Il-yadaʾ,undirected,Aššur-belu-taqqin
P334155,Iqišaya,Rehanu,undirected,Aššur-belu-taqqin
P334155,Iqišaya,Paltaṣi,undirected,Aššur-belu-taqqin
P334155,Iqišaya,Hazannu,undirected,Aššur-belu-taqqin
P334155,Iqišaya,Il-yadaʾ,undirected,Aššur-belu-taqqin
P334155,Rehanu,Paltaṣi,undirected,Aššur-belu-taqqin
P334155,Rehanu,Hazannu,undirected,Aššur-belu-taqqin
P334155,Rehanu,Il-yadaʾ,undirected,Aššur-belu-taqqin
P334155,Paltaṣi,Hazannu,undirected,Aššur-belu-taqqin
P334155,Paltaṣi,Il-yadaʾ,undirected,Aššur-belu-taqqin
P334204,Šarru-emuranni,Bel-iqiša,undirected,Šarru-emuranni
P334116,Nabu-belu-kaʾʾin,Nabu-iqiša,undirected,Nabu-belu-kaʾʾin
P334116,Nabu-belu-kaʾʾin,Naṣibi,undirected,Nabu-belu-kaʾʾin
P334116,Nabu-belu-kaʾʾin,Il-yadaʾ,undirected,Nabu-belu-kaʾʾin
P334116,Nabu-belu-kaʾʾin,Balaṭi,undirected,Nabu-belu-kaʾʾin
P334116,Nabu-iqiša,Naṣibi,undirected,Nabu-belu-kaʾʾin
P334116,Nabu-iqiša,Il-yadaʾ,undirected,Nabu-belu-kaʾʾin
P334116,Nabu-iqiša,Balaṭi,undirected,Nabu-belu-kaʾʾin
P334116,Naṣibi,Nabu-iqiša,undirected,Nabu-belu-kaʾʾin
P334116,Naṣibi,Il-yadaʾ,undirected,Nabu-belu-kaʾʾin
P334116,Naṣibi,Balaṭi,undirected,Nabu-belu-kaʾʾin
P334116,Il-yadaʾ,Balaṭi,undirected,Nabu-belu-kaʾʾin
P334116,Il-yadaʾ,Naṣibi,undirected,Nabu-belu-kaʾʾin
P334116,Il-yadaʾ,Nabu-iqiša,undirected,Nabu-belu-kaʾʾin
P334116,Balaṭi,Naṣibi,undirected,Nabu-belu-kaʾʾin
P334116,Balaṭi,Nabu-iqiša,undirected,Nabu-belu-kaʾʾin
P334104,Issar-duri,Nabu-zeru-ibni,undirected,Issar-duri
P334104,Issar-duri,Bel-duri,undirected,Issar-duri
P334104,Issar-duri,Marduk-apla-iddina,undirected,Issar-duri
P334104,Issar-duri,Nabu-šallim,undirected,Issar-duri
P334104,Nabu-zeru-ibni,Bel-duri,undirected,Issar-duri
P334104,Nabu-zeru-ibni,Marduk-apla-iddina,undirected,Issar-duri
P334104,Nabu-zeru-ibni,Nabu-šallim,undirected,Issar-duri
P334104,Bel-duri,Marduk-apla-iddina,undirected,Issar-duri
P334104,Bel-duri,Nabu-zeru-ibni,undirected,Issar-duri
P334104,Bel-duri,Nabu-šallim,undirected,Issar-duri
P334104,Marduk-apla-iddina,Nabu-zeru-ibni,undirected,Issar-duri
P334104,Marduk-apla-iddina,Bel-duri,undirected,Issar-duri
P334104,Marduk-apla-iddina,Nabu-šallim,undirected,Issar-duri
P334107,Issar-duri,Bel-iqiša,undirected,Issar-duri
P314018,Bel-eriba,Adda-ramu,undirected,Bel-eriba
P334673,Mannu-ki-Ninua,Lutu,undirected,Mannu-ki-Ninua
P334673,Mannu-ki-Ninua,Ašpa-bara,undirected,Mannu-ki-Ninua
P334673,Mannu-ki-Ninua,Nabu-taqqinanni,undirected,Mannu-ki-Ninua
P334673,Lutu,Ašpa-bara,undirected,Mannu-ki-Ninua
P334673,Lutu,Nabu-taqqinanni,undirected,Mannu-ki-Ninua
P334673,Ašpa-bara,Nabu-taqqinanni,undirected,Mannu-ki-Ninua
P314039,Eṭiru,Bel-iddina,undirected,
P314302,Šamaš-belu-uṣur,Nabu-ušabši,undirected,Šamaš-belu-uṣur
P334377,Issar-duri,Guhuru,undirected,Issar-duri
P313518,Bel-qatika-ṣabat,Kunaya,undirected,
P334105,Issar-duri,Nibe,undirected,Issar-duri
P313863,Bel-Harran-belu-uṣur,Marduku,undirected,Sargon II
P313863,Bel-Harran-belu-uṣur,Marduk-iddina,undirected,Sargon II
P313863,Marduku,Marduk-iddina,undirected,Sargon II
P334536,Šarru-emuranni,Sin-iddina,undirected,Šarru-emuranni
P334109,Issar-duri,Nabu-ahhe-iddina,undirected,Issar-duri
P334446,Mannu-ki-Ninua,Lutu,undirected,Mannu-ki-Ninua
P334446,Mannu-ki-Ninua,Ašpa-bara,undirected,Mannu-ki-Ninua
P334446,Mannu-ki-Ninua,Uppite,undirected,Mannu-ki-Ninua
P334446,Mannu-ki-Ninua,Nabu-taqqinanni,undirected,Mannu-ki-Ninua
P334446,Mannu-ki-Ninua,Uaksatar,undirected,Mannu-ki-Ninua
P334446,Mannu-ki-Ninua,Ramati,undirected,Mannu-ki-Ninua
P334446,Lutu,Ašpa-bara,undirected,Mannu-ki-Ninua
P334446,Lutu,Uppite,undirected,Mannu-ki-Ninua
P334446,Lutu,Nabu-taqqinanni,undirected,Mannu-ki-Ninua
P334446,Lutu,Uaksatar,undirected,Mannu-ki-Ninua
P334446,Lutu,Ramati,undirected,Mannu-ki-Ninua
P334446,Ašpa-bara,Uppite,undirected,Mannu-ki-Ninua
P334446,Ašpa-bara,Nabu-taqqinanni,undirected,Mannu-ki-Ninua
P334446,Ašpa-bara,Uaksatar,undirected,Mannu-ki-Ninua
P334446,Ašpa-bara,Ramati,undirected,Mannu-ki-Ninua
P334446,Uppite,Nabu-taqqinanni,undirected,Mannu-ki-Ninua
P334446,Uppite,Uaksatar,undirected,Mannu-ki-Ninua
P334446,Uppite,Ramati,undirected,Mannu-ki-Ninua
P334446,Nabu-taqqinanni,Uaksatar,undirected,Mannu-ki-Ninua
P334446,Nabu-taqqinanni,Ramati,undirected,Mannu-ki-Ninua
P334446,Uaksatar,Ramati,undirected,Mannu-ki-Ninua
P334386,Batulu,Ammi-yataʾ,undirected,Il-yadaʾ
P334386,Ammi-yataʾ,Batulu,undirected,Il-yadaʾ
P334114,Nabu-belu-kaʾʾin,Il-yadaʾ,undirected,Nabu-belu-kaʾʾin
P334114,Nabu-belu-kaʾʾin,Nashir-Bel,undirected,Nabu-belu-kaʾʾin
P334114,Nabu-belu-kaʾʾin,Sumaya,undirected,Nabu-belu-kaʾʾin
P334114,Il-yadaʾ,Nashir-Bel,undirected,Nabu-belu-kaʾʾin
P334114,Il-yadaʾ,Sumaya,undirected,Nabu-belu-kaʾʾin
P334114,Nashir-Bel,Sumaya,undirected,Nabu-belu-kaʾʾin
P334114,Nashir-Bel,Il-yadaʾ,undirected,Nabu-belu-kaʾʾin
P334114,Sumaya,Il-yadaʾ,undirected,Nabu-belu-kaʾʾin
P334501,Issar-duri,Bel-ahhe-riba,undirected,Issar-duri
P334346,Il-yadaʾ,Sin-uballiṭ,undirected,Il-yadaʾ
P313507,Balassu,Šamaš-belu-uṣur,undirected,Nabu-belu-kaʾʾin
P313507,Balassu,Marduk-šallim,undirected,Nabu-belu-kaʾʾin
P313507,Šamaš-belu-uṣur,Marduk-šallim,undirected,Nabu-belu-kaʾʾin
P334837,Aššur-belu-taqqin,Kina,undirected,Il-yadaʾ
P313785,Eṭiru,Labasi,undirected,
P313859,Marduk-apla-iddina,Nabu-ereš,undirected,Šarru-emuranni
P334917,Nabu-belu-kaʾʾin,Amakani,undirected,Mannu-ki-Ninua
P334917,Nabu-belu-kaʾʾin,Asrukanu,undirected,Mannu-ki-Ninua
P334917,Nabu-belu-kaʾʾin,Baga-parna,undirected,Mannu-ki-Ninua
P334917,Nabu-belu-kaʾʾin,Dalta,undirected,Mannu-ki-Ninua
P334917,Amakani,Nabu-belu-kaʾʾin,undirected,Mannu-ki-Ninua
P334917,Amakani,Asrukanu,undirected,Mannu-ki-Ninua
P334917,Amakani,Baga-parna,undirected,Mannu-ki-Ninua
P334917,Amakani,Dalta,undirected,Mannu-ki-Ninua
P334917,Asrukanu,Baga-parna,undirected,Mannu-ki-Ninua
P334917,Asrukanu,Nabu-belu-kaʾʾin,undirected,Mannu-ki-Ninua
P334917,Asrukanu,Dalta,undirected,Mannu-ki-Ninua
P334917,Baga-parna,Nabu-belu-kaʾʾin,undirected,Mannu-ki-Ninua
P334917,Baga-parna,Dalta,undirected,Mannu-ki-Ninua
P313479,Aššur-belu-taqqin,Marduk-apla-iddina,undirected,Aššur-belu-taqqin
P334692,Ṣala-il,Il-yadaʾ,undirected,Il-yadaʾ
P334692,Ṣala-il,Mar-Yakin,undirected,Il-yadaʾ
P334692,Il-yadaʾ,Mar-Yakin,undirected,Il-yadaʾ
P334202,Šarru-emuranni,Mar-Zeri,undirected,Šarru-emuranni
P313504,Šamaš-belu-uṣur,Dalta,undirected,Šamaš-belu-uṣur
P313504,Šamaš-belu-uṣur,Balassu,undirected,Šamaš-belu-uṣur
P313504,Dalta,Balassu,undirected,Šamaš-belu-uṣur
P334861,Šamaš-reʾuwa,Akkadayu,undirected,Šamaš-reʾuwa
P334861,Šamaš-reʾuwa,Nabu-killanni,undirected,Šamaš-reʾuwa
P334861,Akkadayu,Nabu-killanni,undirected,Šamaš-reʾuwa
P334302,Marduk-šarru-uṣur,Aššur-belu-taqqin,undirected,Marduk-šarru-uṣur
P334302,Marduk-šarru-uṣur,Mar-Zeri,undirected,Marduk-šarru-uṣur
P334302,Aššur-belu-taqqin,Mar-Zeri,undirected,Marduk-šarru-uṣur
P334858,Šamaš-belu-uṣur,Nabu-ušabši,undirected,Šamaš-belu-uṣur
P334539,Šarru-emuranni,Ṣallaya,undirected,Šarru-emuranni
P314155,Nabu-ašared,Mar-Yakin,undirected,Il-yadaʾ
P334077,Mannu-ki-Ninua,Dalta,undirected,Mannu-ki-Ninua
P334077,Mannu-ki-Ninua,Asrukanu,undirected,Mannu-ki-Ninua
P334077,Mannu-ki-Ninua,Nabu-belu-kaʾʾin,undirected,Mannu-ki-Ninua
P334077,Dalta,Asrukanu,undirected,Mannu-ki-Ninua
P334077,Dalta,Nabu-belu-kaʾʾin,undirected,Mannu-ki-Ninua
P334077,Asrukanu,Nabu-belu-kaʾʾin,undirected,Mannu-ki-Ninua
P334635,Marduk-šarrani,Nabu-šarru-ibni,undirected,Marduk-šarrani
P334635,Marduk-šarrani,Makkame,undirected,Marduk-šarrani
P334635,Nabu-šarru-ibni,Makkame,undirected,Marduk-šarrani
P313721,Rapa-il,Bel-iqbi,undirected,Šamaš-belu-uṣur
P314301,Nabu-belu-kaʾʾin,Humbe,undirected,Nabu-belu-kaʾʾin
P314301,Nabu-belu-kaʾʾin,Ašpa-bara,undirected,Nabu-belu-kaʾʾin
P314301,Humbe,Ašpa-bara,undirected,Nabu-belu-kaʾʾin
P334505,Nabu-belu-kaʾʾin,Karakku,undirected,Nabu-belu-kaʾʾin
P334505,Nabu-belu-kaʾʾin,Ramati,undirected,Nabu-belu-kaʾʾin
P334505,Nabu-belu-kaʾʾin,Aššur-ṣabtanni,undirected,Nabu-belu-kaʾʾin
P334505,Nabu-belu-kaʾʾin,Irtukkanu,undirected,Nabu-belu-kaʾʾin
P334505,Karakku,Ramati,undirected,Nabu-belu-kaʾʾin
P334505,Karakku,Aššur-ṣabtanni,undirected,Nabu-belu-kaʾʾin
P334505,Karakku,Irtukkanu,undirected,Nabu-belu-kaʾʾin
P334505,Ramati,Karakku,undirected,Nabu-belu-kaʾʾin
P334505,Ramati,Aššur-ṣabtanni,undirected,Nabu-belu-kaʾʾin
P334505,Ramati,Irtukkanu,undirected,Nabu-belu-kaʾʾin
P334505,Aššur-ṣabtanni,Irtukkanu,undirected,Nabu-belu-kaʾʾin
P313595,Pigat,Ṣabatti,undirected,
P313814,Nabu-duru-uṣur,Umman-mina,undirected,Nabu-duru-uṣur
P313814,Nabu-duru-uṣur,Bur-Sila,undirected,Nabu-duru-uṣur
P313814,Nabu-duru-uṣur,Dalta,undirected,Nabu-duru-uṣur
P313814,Nabu-duru-uṣur,Aššur-remanni,undirected,Nabu-duru-uṣur
P313814,Umman-mina,Bur-Sila,undirected,Nabu-duru-uṣur
P313814,Umman-mina,Dalta,undirected,Nabu-duru-uṣur
P313814,Umman-mina,Aššur-remanni,undirected,Nabu-duru-uṣur
P313814,Bur-Sila,Dalta,undirected,Nabu-duru-uṣur
P313814,Bur-Sila,Aššur-remanni,undirected,Nabu-duru-uṣur
P313814,Dalta,Aššur-remanni,undirected,Nabu-duru-uṣur
P334345,Il-yadaʾ,Mar-Yakin,undirected,Il-yadaʾ
P334345,Il-yadaʾ,Radmanu,undirected,Il-yadaʾ
P334345,Mar-Yakin,Radmanu,undirected,Il-yadaʾ
P334206,Šarru-emuranni,Duʾani-Issar,undirected,Šarru-emuranni
P334671,Eṭiru,Nadin-ahhe,undirected,Nabu-belu-kaʾʾin
P334671,Eṭiru,Ṣallaya,undirected,Nabu-belu-kaʾʾin
P334671,Eṭiru,Mar-Yakin,undirected,Nabu-belu-kaʾʾin
P334671,Eṭiru,Nabu-leʾi,undirected,Nabu-belu-kaʾʾin
P334671,Eṭiru,Nabu-taklak,undirected,Nabu-belu-kaʾʾin
P334671,Nadin-ahhe,Eṭiru,undirected,Nabu-belu-kaʾʾin
P334671,Nadin-ahhe,Ṣallaya,undirected,Nabu-belu-kaʾʾin
P334671,Nadin-ahhe,Mar-Yakin,undirected,Nabu-belu-kaʾʾin
P334671,Nadin-ahhe,Nabu-leʾi,undirected,Nabu-belu-kaʾʾin
P334671,Nadin-ahhe,Nabu-taklak,undirected,Nabu-belu-kaʾʾin
P334671,Ṣallaya,Mar-Yakin,undirected,Nabu-belu-kaʾʾin
P334671,Ṣallaya,Nabu-leʾi,undirected,Nabu-belu-kaʾʾin
P334671,Ṣallaya,Nabu-taklak,undirected,Nabu-belu-kaʾʾin
P334671,Mar-Yakin,Nabu-leʾi,undirected,Nabu-belu-kaʾʾin
P334671,Mar-Yakin,Nabu-taklak,undirected,Nabu-belu-kaʾʾin
P334671,Nabu-leʾi,Nabu-taklak,undirected,Nabu-belu-kaʾʾin
P334778,Ašipa,Nabu-belu-kaʾʾin,undirected,Sargon II
P313920,Zer-Babili,Kalbi-Uku,undirected,
P334143,Sin-ahhe-eriba,Ariye,undirected,Sin-ahhe-eriba
P334143,Sin-ahhe-eriba,Aššur-reṣuwa,undirected,Sin-ahhe-eriba
P334143,Ariye,Aššur-reṣuwa,undirected,Sin-ahhe-eriba
P313417,Mannu-ki-Aššur-leʾi,Bel-duri,undirected,Mannu-ki-Aššur-leʾi
P334586,Ahu-lurši,Mardi,undirected,Ahu-lurši
P334499,Zeru-ibni,Erra-gamil,undirected,Zeru-ibni
P334499,Zeru-ibni,Nabu-šumu-uṣur,undirected,Zeru-ibni
P334499,Zeru-ibni,Ilaʾi-Bel,undirected,Zeru-ibni
P334499,Erra-gamil,Nabu-šumu-uṣur,undirected,Zeru-ibni
P334499,Erra-gamil,Ilaʾi-Bel,undirected,Zeru-ibni
P334499,Nabu-šumu-uṣur,Ilaʾi-Bel,undirected,Zeru-ibni
P334904,Ṭab-ṣil-Ešarra,Ṣululu,undirected,Ṭab-ṣil-Ešarra
P334397,Aššur-bani,Kiṣir-Aššur,undirected,Aššur-bani
P313511,Bel-iqbi,Aššur-ašared,undirected,
P334113,Ina-šar-Bel-allak,Kina,undirected,Ina-šar-Bel-allak
P334113,Ina-šar-Bel-allak,Sanda-pi,undirected,Ina-šar-Bel-allak
P334113,Ina-šar-Bel-allak,Huli,undirected,Ina-šar-Bel-allak
P334113,Ina-šar-Bel-allak,Kuza,undirected,Ina-šar-Bel-allak
P334113,Ina-šar-Bel-allak,Ahu-lurši,undirected,Ina-šar-Bel-allak
P334113,Ina-šar-Bel-allak,Ubru-Babili,undirected,Ina-šar-Bel-allak
P334113,Kina,Sanda-pi,undirected,Ina-šar-Bel-allak
P334113,Kina,Huli,undirected,Ina-šar-Bel-allak
P334113,Kina,Kuza,undirected,Ina-šar-Bel-allak
P334113,Kina,Ahu-lurši,undirected,Ina-šar-Bel-allak
P334113,Kina,Ubru-Babili,undirected,Ina-šar-Bel-allak
P334113,Sanda-pi,Huli,undirected,Ina-šar-Bel-allak
P334113,Sanda-pi,Kuza,undirected,Ina-šar-Bel-allak
P334113,Sanda-pi,Ahu-lurši,undirected,Ina-šar-Bel-allak
P334113,Sanda-pi,Ubru-Babili,undirected,Ina-šar-Bel-allak
P334113,Huli,Kuza,undirected,Ina-šar-Bel-allak
P334113,Huli,Ahu-lurši,undirected,Ina-šar-Bel-allak
P334113,Huli,Ubru-Babili,undirected,Ina-šar-Bel-allak
P334113,Kuza,Ahu-lurši,undirected,Ina-šar-Bel-allak
P334113,Kuza,Ubru-Babili,undirected,Ina-šar-Bel-allak
P334113,Ahu-lurši,Ubru-Babili,undirected,Ina-šar-Bel-allak
P314232,Aššur-reši-išši,Kibabiše,undirected,Sargon II
P314232,Aššur-reši-išši,Ašpa-bara,undirected,Sargon II
P314232,Kibabiše,Ašpa-bara,undirected,Sargon II
P334567,Nabu-deʾiq,Nani,undirected,Nabu-deʾiq
P334567,Nabu-deʾiq,Ahu-illika,undirected,Nabu-deʾiq
P334567,Nabu-deʾiq,Zabina-ili,undirected,Nabu-deʾiq
P334567,Nani,Ahu-illika,undirected,Nabu-deʾiq
P334567,Nani,Zabina-ili,undirected,Nabu-deʾiq
P334567,Ahu-illika,Zabina-ili,undirected,Nabu-deʾiq
P334773,Gidgiddanu,Marduk-remanni,undirected,Sin-ahhe-eriba
P334442,Nagaha,Ilu-piya-uṣur,undirected,Taklak-ana-Bel
P334442,Nagaha,Taklak-ana-Bel,undirected,Taklak-ana-Bel
P334442,Ilu-piya-uṣur,Taklak-ana-Bel,undirected,Taklak-ana-Bel
P393866,Nabu-dur-maki,Nabu-bel-šumati,undirected,"NN, Nabu-dur-makie"
P334049,Ṭab-šar-Aššur,Arbailayu,undirected,Ṭab-šar-Aššur
P334211,Aplaya,Šarru-lu-dari,undirected,Išmanni-Aššur
P334211,Aplaya,Išmanni-Aššur,undirected,Išmanni-Aššur
P334211,Šarru-lu-dari,Išmanni-Aššur,undirected,Išmanni-Aššur
P334592,Nabu-belu-uṣur,Dinanu,undirected,"Nabu-belu-uṣur, Dinanu"
P334592,Nabu-belu-uṣur,Bar-Ṣaruri,undirected,"Nabu-belu-uṣur, Dinanu"
P334592,Dinanu,Bar-Ṣaruri,undirected,"Nabu-belu-uṣur, Dinanu"
P334328,Ṭab-ṣil-Ešarra,Kiṣir-Aššur,undirected,Ṭab-ṣil-Ešarra
P334519,Sin-ahhe-eriba,Bel-eṭir,undirected,Sin-ahhe-eriba
P334519,Sin-ahhe-eriba,Nabu-eṭir-napšati,undirected,Sin-ahhe-eriba
P334519,Sin-ahhe-eriba,Nabu-mušallim,undirected,Sin-ahhe-eriba
P334519,Bel-eṭir,Nabu-eṭir-napšati,undirected,Sin-ahhe-eriba
P334519,Bel-eṭir,Nabu-mušallim,undirected,Sin-ahhe-eriba
P334519,Nabu-eṭir-napšati,Nabu-mušallim,undirected,Sin-ahhe-eriba
P334631,Nabu-duru-uṣur,Ilaʾi-Bel,undirected,Ilaʾi-Bel
P334631,Nabu-duru-uṣur,Tarriki-hallu,undirected,Ilaʾi-Bel
P334631,Ilaʾi-Bel,Tarriki-hallu,undirected,Ilaʾi-Bel
P334918,Ṭab-šar-Aššur,Keni,undirected,Ṭab-šar-Aššur
P313497,Ṭab-šar-Aššur,Metunu,undirected,Ṭab-šar-Aššur
P313497,Ṭab-šar-Aššur,Aššur-reṣuwa,undirected,Ṭab-šar-Aššur
P313497,Metunu,Aššur-reṣuwa,undirected,Ṭab-šar-Aššur
P334718,Nani,Zeru-ibni,undirected,Nabu-pašir
P334100,Zeru-ibni,Marduk-eriba,undirected,Zeru-ibni
P334051,Ṭab-šar-Aššur,Paqaha,undirected,Ṭab-šar-Aššur
P334288,Aššur-bani,Aššur-šumu-kaʾʾin,undirected,Aššur-bani
P334335,Ṭab-šar-Aššur,Aššur-reṣuwa,undirected,Ṭab-šar-Aššur
P334910,Huziru,Šarru-emuranni,undirected,Šulmanu-...
P334789,Nabu-duru-uṣur,Arihu,undirected,Arihu
P334172,Aššur-bani,Sili,undirected,Aššur-bani
P313437,Ṭab-šar-Aššur,Kiṣir-Aššur,undirected,Ṭab-šar-Aššur
P334721,Aššur-reṣuwa,Šulmu-beli,undirected,Sin-ahhe-eriba
P334721,Aššur-reṣuwa,Urzana,undirected,Sin-ahhe-eriba
P334721,Aššur-reṣuwa,Šarru-lu-dari,undirected,Sin-ahhe-eriba
P334721,Šulmu-beli,Urzana,undirected,Sin-ahhe-eriba
P334721,Šulmu-beli,Šarru-lu-dari,undirected,Sin-ahhe-eriba
P334721,Urzana,Šarru-lu-dari,undirected,Sin-ahhe-eriba
P313505,Dada,Adad-iriba,undirected,
P334127,Išmanni-Aššur,Adad-nuri,undirected,Išmanni-Aššur
P313439,Aššur-šumu-kaʾʾin,Zeru-ibni,undirected,Aššur-šumu-kaʾʾin
P334728,Ṭab-ṣil-Ešarra,Zeru-ibni,undirected,Ṭab-ṣil-Ešarra
P334037,Ṭab-ṣil-Ešarra,Nabu-bel-šumati,undirected,Ṭab-ṣil-Ešarra
P334174,Aššur-bani,Ziziru,undirected,Aššur-bani
P334124,Amar-ili,Mardu,undirected,Amar-ili
P313427,Nabu-zer-ketti-lešir,Gidgiddanu,undirected,Nabu-zer-ketti-lešir
P334190,Ašipa,Nabu-šezibanni,undirected,Sargon II
P334314,Ṭab-šar-Aššur,Aššur-šumu-kaʾʾin,undirected,Ṭab-šar-Aššur
P334079,Nabu-pašir,Gir-Dadi,undirected,Nabu-pašir
P334079,Nabu-pašir,Seʾ-lukidi,undirected,Nabu-pašir
P334079,Gir-Dadi,Seʾ-lukidi,undirected,Nabu-pašir
P334079,Seʾ-lukidi,Gir-Dadi,undirected,Nabu-pašir
P334158,Hunni,Sin-ahhe-eriba,undirected,Hunni
P334158,Sin-ahhe-eriba,Hunni,undirected,Hunni
P334214,Nabu-deʾiq,Akburu,undirected,Nabu-deʾiq
P334214,Nabu-deʾiq,Adda-šumki,undirected,Nabu-deʾiq
P334214,Nabu-deʾiq,Labarmu,undirected,Nabu-deʾiq
P334214,Nabu-deʾiq,Appa,undirected,Nabu-deʾiq
P334214,Akburu,Adda-šumki,undirected,Nabu-deʾiq
P334214,Akburu,Labarmu,undirected,Nabu-deʾiq
P334214,Akburu,Appa,undirected,Nabu-deʾiq
P334214,Adda-šumki,Labarmu,undirected,Nabu-deʾiq
P334214,Adda-šumki,Appa,undirected,Nabu-deʾiq
P334214,Labarmu,Appa,undirected,Nabu-deʾiq
P313435,Nabu-pašir,Kiṣir-Aššur,undirected,Nabu-pašir
P224485,Aššur-šarru-uṣur,Mita,undirected,Sargon II
P224485,Aššur-šarru-uṣur,Urik,undirected,Sargon II
P224485,Aššur-šarru-uṣur,Urpalaʾa,undirected,Sargon II
P224485,Aššur-šarru-uṣur,Kilar,undirected,Sargon II
P224485,Aššur-šarru-uṣur,Balassu,undirected,Sargon II
P224485,Aššur-šarru-uṣur,Aplaya,undirected,Sargon II
P224485,Mita,Urik,undirected,Sargon II
P224485,Mita,Urpalaʾa,undirected,Sargon II
P224485,Mita,Kilar,undirected,Sargon II
P224485,Mita,Balassu,undirected,Sargon II
P224485,Mita,Aplaya,undirected,Sargon II
P224485,Urik,Mita,undirected,Sargon II
P224485,Urik,Urpalaʾa,undirected,Sargon II
P224485,Urik,Kilar,undirected,Sargon II
P224485,Urik,Balassu,undirected,Sargon II
P224485,Urik,Aplaya,undirected,Sargon II
P224485,Urpalaʾa,Kilar,undirected,Sargon II
P224485,Urpalaʾa,Balassu,undirected,Sargon II
P224485,Urpalaʾa,Aplaya,undirected,Sargon II
P224485,Kilar,Urpalaʾa,undirected,Sargon II
P224485,Kilar,Balassu,undirected,Sargon II
P224485,Kilar,Aplaya,undirected,Sargon II
P224485,Balassu,Aplaya,undirected,Sargon II
P334039,Ṭab-ṣil-Ešarra,Gurdi,undirected,Ṭab-ṣil-Ešarra
P334039,Ṭab-ṣil-Ešarra,Keni,undirected,Ṭab-ṣil-Ešarra
P334039,Gurdi,Keni,undirected,Ṭab-ṣil-Ešarra
P334195,Nabu-duru-uṣur,Mannu-ki-Aššur,undirected,Sargon II
P334195,Nabu-duru-uṣur,Aššur-balti-niše,undirected,Sargon II
P334195,Mannu-ki-Aššur,Aššur-balti-niše,undirected,Sargon II
P334830,Duri-Adad,Adad-abuʾa,undirected,
P334830,Duri-Adad,Ubru-Libbali,undirected,
P334830,Duri-Adad,Aššur-belu-taqqin,undirected,
P334830,Adad-abuʾa,Ubru-Libbali,undirected,
P334830,Adad-abuʾa,Aššur-belu-taqqin,undirected,
P334830,Ubru-Libbali,Aššur-belu-taqqin,undirected,
P313626,Rahdiaba,Aššur-balti-niše,undirected,Palace supervisor
P334396,Ṭab-ṣil-Ešarra,Simanayu,undirected,Ṭab-ṣil-Ešarra
P334396,Ṭab-ṣil-Ešarra,Nabu-balliṭ,undirected,Ṭab-ṣil-Ešarra
P334396,Ṭab-ṣil-Ešarra,Aššur-naʾdi,undirected,Ṭab-ṣil-Ešarra
P334396,Simanayu,Nabu-balliṭ,undirected,Ṭab-ṣil-Ešarra
P334396,Simanayu,Aššur-naʾdi,undirected,Ṭab-ṣil-Ešarra
P334396,Nabu-balliṭ,Aššur-naʾdi,undirected,Ṭab-ṣil-Ešarra
P314273,Nabu-deʾiq,Tabni-ilu,undirected,Nabu-deʾiq
P314273,Nabu-deʾiq,Nabu-šezib,undirected,Nabu-deʾiq
P314273,Tabni-ilu,Nabu-šezib,undirected,Nabu-deʾiq
P224417,Adda-hati,Dannaya,undirected,Adda-hati
P334922,Ašpa-bara,Lutu,undirected,Sargon II
P336597,Ṭab-šar-Aššur,Aššur-bessunu,undirected,Ṭab-šar-Aššur
P334610,Samnuha-belu-uṣur,Samnuha-bessunu,undirected,Samnuha-belu-uṣur
P334170,Aššur-bani,Saʾilu,undirected,Aššur-bani
P334170,Aššur-bani,Sadiru,undirected,Aššur-bani
P334170,Saʾilu,Sadiru,undirected,Aššur-bani
P334170,Sadiru,Saʾilu,undirected,Aššur-bani
P334050,Ṭab-šar-Aššur,Aššur-reṣuwa,undirected,Ṭab-šar-Aššur
P334050,Ṭab-šar-Aššur,Ariye,undirected,Ṭab-šar-Aššur
P334050,Aššur-reṣuwa,Ariye,undirected,Ṭab-šar-Aššur
P334435,Lili,Aššur-nadin-ahhe,undirected,Ṭab-šar-Aššur
P334443,Nabu-pašir,Arbayu,undirected,Nabu-pašir
P334443,Nabu-pašir,Šamaš-ilaʾi,undirected,Nabu-pašir
P334443,Nabu-pašir,Epa,undirected,Nabu-pašir
P334443,Arbayu,Šamaš-ilaʾi,undirected,Nabu-pašir
P334443,Arbayu,Epa,undirected,Nabu-pašir
P334443,Šamaš-ilaʾi,Epa,undirected,Nabu-pašir
P334209,Adad-ibni,Aššur-ilaʾi,undirected,Adad-ibni
P334209,Adad-ibni,Urdu-Issar,undirected,Adad-ibni
P334209,Adad-ibni,Ṣil-Šamaš,undirected,Adad-ibni
P334209,Adad-ibni,Bel-deni-amur,undirected,Adad-ibni
P334209,Adad-ibni,Patamu,undirected,Adad-ibni
P334209,Aššur-ilaʾi,Urdu-Issar,undirected,Adad-ibni
P334209,Aššur-ilaʾi,Ṣil-Šamaš,undirected,Adad-ibni
P334209,Aššur-ilaʾi,Bel-deni-amur,undirected,Adad-ibni
P334209,Aššur-ilaʾi,Patamu,undirected,Adad-ibni
P334209,Urdu-Issar,Ṣil-Šamaš,undirected,Adad-ibni
P334209,Urdu-Issar,Bel-deni-amur,undirected,Adad-ibni
P334209,Urdu-Issar,Patamu,undirected,Adad-ibni
P334209,Ṣil-Šamaš,Bel-deni-amur,undirected,Adad-ibni
P334209,Ṣil-Šamaš,Patamu,undirected,Adad-ibni
P334209,Bel-deni-amur,Patamu,undirected,Adad-ibni
P334332,Ṭab-ṣil-Ešarra,Naʾdi-ilu,undirected,Ṭab-ṣil-Ešarra
P334422,Bel-duri,Nergal-naṣir,undirected,Taklak-ana-Bel
P334422,Bel-duri,Inurta-ilaʾi,undirected,Taklak-ana-Bel
P334422,Nergal-naṣir,Inurta-ilaʾi,undirected,Taklak-ana-Bel
P334903,Taklak-ana-Bel,Ilu-piya-uṣur,undirected,Taklak-ana-Bel
P334903,Taklak-ana-Bel,Dugul-pan-ili,undirected,Taklak-ana-Bel
P334903,Ilu-piya-uṣur,Dugul-pan-ili,undirected,Taklak-ana-Bel
P334125,Ṭab-šar-Aššur,Šuzubu,undirected,Ṭab-šar-Aššur
P334621,Nabu-duru-uṣur,Remutu,undirected,Remutu
P334621,Nabu-duru-uṣur,Ilu-iqbi,undirected,Remutu
P334621,Remutu,Ilu-iqbi,undirected,Remutu
P334807,Nabu-pašir,Seʾ-gabbari,undirected,Nabu-pašir
P334807,Nabu-pašir,Nur-Sin,undirected,Nabu-pašir
P334807,Nabu-pašir,Dadi-ibni,undirected,Nabu-pašir
P334807,Seʾ-gabbari,Nur-Sin,undirected,Nabu-pašir
P334807,Seʾ-gabbari,Dadi-ibni,undirected,Nabu-pašir
P334807,Nur-Sin,Dadi-ibni,undirected,Nabu-pašir
P334820,Taklak-ana-Bel,Bahianu,undirected,Taklak-ana-Bel
P334820,Taklak-ana-Bel,Belu-lu-balaṭ,undirected,Taklak-ana-Bel
P334820,Taklak-ana-Bel,Ubru-Nabu,undirected,Taklak-ana-Bel
P334820,Bahianu,Belu-lu-balaṭ,undirected,Taklak-ana-Bel
P334820,Bahianu,Ubru-Nabu,undirected,Taklak-ana-Bel
P334820,Belu-lu-balaṭ,Bahianu,undirected,Taklak-ana-Bel
P334820,Belu-lu-balaṭ,Ubru-Nabu,undirected,Taklak-ana-Bel
P334271,Ṭab-ṣil-Ešarra,Haldi-naṣir,undirected,Ṭab-ṣil-Ešarra
P334271,Ṭab-ṣil-Ešarra,Marduk-šumu-iddina,undirected,Ṭab-ṣil-Ešarra
P334271,Haldi-naṣir,Marduk-šumu-iddina,undirected,Ṭab-ṣil-Ešarra
P313854,Ilaʾi-Bel,Išmanni-Aššur,undirected,Ilaʾi-Bel
P428858,Nabu-deʾiq,Šulmu-beli-lašme,undirected,Nabu-deʾiq
P334834,Kuna,Šarru-emuranni,undirected,Sargon II
P334045,Ṭab-ṣil-Ešarra,Šarru-emuranni,undirected,Ṭab-ṣil-Ešarra
P334045,Ṭab-ṣil-Ešarra,Šarru-nuri,undirected,Ṭab-ṣil-Ešarra
P334045,Šarru-emuranni,Šarru-nuri,undirected,Ṭab-ṣil-Ešarra
P334135,Kiṣir-Aššur,Šep-Aššur,undirected,Kiṣir-Aššur
P313425,Bel-liqbi,Ammi-leti,undirected,Bel-liqbi
P313425,Bel-liqbi,Amiru,undirected,Bel-liqbi
P313425,Bel-liqbi,Abattu,undirected,Bel-liqbi
P313425,Bel-liqbi,Qanni,undirected,Bel-liqbi
P313425,Ammi-leti,Amiru,undirected,Bel-liqbi
P313425,Ammi-leti,Abattu,undirected,Bel-liqbi
P313425,Ammi-leti,Qanni,undirected,Bel-liqbi
P313425,Amiru,Abattu,undirected,Bel-liqbi
P313425,Amiru,Qanni,undirected,Bel-liqbi
P313425,Abattu,Qanni,undirected,Bel-liqbi
P334588,Tariba-Issar,Raṣappaya,undirected,Tariba-Issar
P334588,Tariba-Issar,Ṣil-Bel,undirected,Tariba-Issar
P334588,Raṣappaya,Ṣil-Bel,undirected,Tariba-Issar
P224431,Bel-duri,Adad-isseʾa,undirected,Bel-duri
P224431,Bel-duri,Bel-lešir,undirected,Bel-duri
P224431,Bel-duri,Abu-lešir,undirected,Bel-duri
P224431,Bel-duri,Šamaš-ahu-iddina,undirected,Bel-duri
P224431,Adad-isseʾa,Bel-lešir,undirected,Bel-duri
P224431,Adad-isseʾa,Abu-lešir,undirected,Bel-duri
P224431,Adad-isseʾa,Šamaš-ahu-iddina,undirected,Bel-duri
P224431,Bel-lešir,Abu-lešir,undirected,Bel-duri
P224431,Bel-lešir,Šamaš-ahu-iddina,undirected,Bel-duri
P224431,Abu-lešir,Šamaš-ahu-iddina,undirected,Bel-duri
P224431,Šamaš-ahu-iddina,Abu-lešir,undirected,Bel-duri
P334080,Nabu-pašir,Dadi-suri,undirected,Nabu-pašir
P334080,Nabu-pašir,Raʾsunu,undirected,Nabu-pašir
P334080,Nabu-pašir,Gabbu-amur,undirected,Nabu-pašir
P334080,Nabu-pašir,Remanni-Adad,undirected,Nabu-pašir
P334080,Dadi-suri,Raʾsunu,undirected,Nabu-pašir
P334080,Dadi-suri,Gabbu-amur,undirected,Nabu-pašir
P334080,Dadi-suri,Remanni-Adad,undirected,Nabu-pašir
P334080,Raʾsunu,Gabbu-amur,undirected,Nabu-pašir
P334080,Raʾsunu,Remanni-Adad,undirected,Nabu-pašir
P334080,Gabbu-amur,Raʾsunu,undirected,Nabu-pašir
P334080,Gabbu-amur,Remanni-Adad,undirected,Nabu-pašir
P224395,Adda-hati,Amiru,undirected,Adda-hati
P224395,Adda-hati,Bel-iqbi,undirected,Adda-hati
P224395,Amiru,Bel-iqbi,undirected,Adda-hati
P334568,Nabu-deʾiq,Adad-ibni,undirected,Nabu-deʾiq
P334687,Adad-remanni,Nabu-šumu-iddina,undirected,Taklak-ana-Bel
P334102,Zeru-ibni,Zari,undirected,Zeru-ibni
P224447,Bel-duri,Ilu-mušezib,undirected,Bel-duri
P224447,Bel-duri,Bel-emuranni,undirected,Bel-duri
P224447,Bel-duri,Kubaba-ereš,undirected,Bel-duri
P224447,Bel-duri,Ilu-biʾdi,undirected,Bel-duri
P224447,Bel-duri,Tuqunu,undirected,Bel-duri
P224447,Bel-duri,Kimumaya,undirected,Bel-duri
P224447,Bel-duri,Nabu-šezib,undirected,Bel-duri
P224447,Bel-duri,Aššur-ereš,undirected,Bel-duri
P224447,Ilu-mušezib,Bel-emuranni,undirected,Bel-duri
P224447,Ilu-mušezib,Kubaba-ereš,undirected,Bel-duri
P224447,Ilu-mušezib,Ilu-biʾdi,undirected,Bel-duri
P224447,Ilu-mušezib,Tuqunu,undirected,Bel-duri
P224447,Ilu-mušezib,Kimumaya,undirected,Bel-duri
P224447,Ilu-mušezib,Nabu-šezib,undirected,Bel-duri
P224447,Ilu-mušezib,Aššur-ereš,undirected,Bel-duri
P224447,Bel-emuranni,Kubaba-ereš,undirected,Bel-duri
P224447,Bel-emuranni,Ilu-biʾdi,undirected,Bel-duri
P224447,Bel-emuranni,Tuqunu,undirected,Bel-duri
P224447,Bel-emuranni,Kimumaya,undirected,Bel-duri
P224447,Bel-emuranni,Nabu-šezib,undirected,Bel-duri
P224447,Bel-emuranni,Aššur-ereš,undirected,Bel-duri
P224447,Kubaba-ereš,Ilu-biʾdi,undirected,Bel-duri
P224447,Kubaba-ereš,Tuqunu,undirected,Bel-duri
P224447,Kubaba-ereš,Kimumaya,undirected,Bel-duri
P224447,Kubaba-ereš,Nabu-šezib,undirected,Bel-duri
P224447,Kubaba-ereš,Aššur-ereš,undirected,Bel-duri
P224447,Ilu-biʾdi,Tuqunu,undirected,Bel-duri
P224447,Ilu-biʾdi,Kimumaya,undirected,Bel-duri
P224447,Ilu-biʾdi,Nabu-šezib,undirected,Bel-duri
P224447,Ilu-biʾdi,Aššur-ereš,undirected,Bel-duri
P224447,Tuqunu,Kimumaya,undirected,Bel-duri
P224447,Tuqunu,Nabu-šezib,undirected,Bel-duri
P224447,Tuqunu,Aššur-ereš,undirected,Bel-duri
P224447,Kimumaya,Nabu-šezib,undirected,Bel-duri
P224447,Kimumaya,Aššur-ereš,undirected,Bel-duri
P224447,Nabu-šezib,Aššur-ereš,undirected,Bel-duri
P334142,Sin-ahhe-eriba,Aššur-reṣuwa,undirected,Sin-ahhe-eriba
P334142,Sin-ahhe-eriba,Kaqqadanu,undirected,Sin-ahhe-eriba
P334142,Sin-ahhe-eriba,Nabu-leʾi,undirected,Sin-ahhe-eriba
P334142,Sin-ahhe-eriba,Ahat-abiša,undirected,Sin-ahhe-eriba
P334142,Aššur-reṣuwa,Kaqqadanu,undirected,Sin-ahhe-eriba
P334142,Aššur-reṣuwa,Nabu-leʾi,undirected,Sin-ahhe-eriba
P334142,Aššur-reṣuwa,Ahat-abiša,undirected,Sin-ahhe-eriba
P334142,Kaqqadanu,Aššur-reṣuwa,undirected,Sin-ahhe-eriba
P334142,Kaqqadanu,Nabu-leʾi,undirected,Sin-ahhe-eriba
P334142,Kaqqadanu,Ahat-abiša,undirected,Sin-ahhe-eriba
P334142,Nabu-leʾi,Ahat-abiša,undirected,Sin-ahhe-eriba
P334284,Bel-liqbi,Nabu-uṣalla,undirected,Bel-liqbi
P334284,Bel-liqbi,Yaʾiru,undirected,Bel-liqbi
P334284,Bel-liqbi,Sin-iddina,undirected,Bel-liqbi
P334284,Bel-liqbi,Adda-hati,undirected,Bel-liqbi
P334284,Bel-liqbi,Ammi-leti,undirected,Bel-liqbi
P334284,Bel-liqbi,Amiru,undirected,Bel-liqbi
P334284,Bel-liqbi,Ašapi,undirected,Bel-liqbi
P334284,Nabu-uṣalla,Yaʾiru,undirected,Bel-liqbi
P334284,Nabu-uṣalla,Sin-iddina,undirected,Bel-liqbi
P334284,Nabu-uṣalla,Adda-hati,undirected,Bel-liqbi
P334284,Nabu-uṣalla,Ammi-leti,undirected,Bel-liqbi
P334284,Nabu-uṣalla,Amiru,undirected,Bel-liqbi
P334284,Nabu-uṣalla,Ašapi,undirected,Bel-liqbi
P334284,Yaʾiru,Sin-iddina,undirected,Bel-liqbi
P334284,Yaʾiru,Adda-hati,undirected,Bel-liqbi
P334284,Yaʾiru,Ammi-leti,undirected,Bel-liqbi
P334284,Yaʾiru,Amiru,undirected,Bel-liqbi
P334284,Yaʾiru,Ašapi,undirected,Bel-liqbi
P334284,Sin-iddina,Adda-hati,undirected,Bel-liqbi
P334284,Sin-iddina,Ammi-leti,undirected,Bel-liqbi
P334284,Sin-iddina,Amiru,undirected,Bel-liqbi
P334284,Sin-iddina,Ašapi,undirected,Bel-liqbi
P334284,Adda-hati,Ammi-leti,undirected,Bel-liqbi
P334284,Adda-hati,Amiru,undirected,Bel-liqbi
P334284,Adda-hati,Ašapi,undirected,Bel-liqbi
P334284,Ammi-leti,Amiru,undirected,Bel-liqbi
P334284,Ammi-leti,Ašapi,undirected,Bel-liqbi
P334284,Amiru,Ašapi,undirected,Bel-liqbi
P334715,Bel-liqbi,Aššur-dalal,undirected,Bel-liqbi
